[2026-06-18 13:35:18] production.ERROR: No application encryption key has been specified. {"exception":"[object] (Illuminate\\Encryption\\MissingAppKeyException(code: 0): No application encryption key has been specified. at /home4/livekhv2/public_html/vendor/laravel/framework/src/Illuminate/Encryption/EncryptionServiceProvider.php:83)
[stacktrace]
#0 /home4/livekhv2/public_html/vendor/laravel/framework/src/Illuminate/Support/helpers.php(399): Illuminate\\Encryption\\EncryptionServiceProvider->Illuminate\\Encryption\\{closure}(NULL)
#1 /home4/livekhv2/public_html/vendor/laravel/framework/src/Illuminate/Encryption/EncryptionServiceProvider.php(81): tap(NULL, Object(Closure))
#2 /home4/livekhv2/public_html/vendor/laravel/framework/src/Illuminate/Encryption/EncryptionServiceProvider.php(64): Illuminate\\Encryption\\EncryptionServiceProvider->key(Array)
#3 /home4/livekhv2/public_html/vendor/laravel/framework/src/Illuminate/Encryption/EncryptionServiceProvider.php(32): Illuminate\\Encryption\\EncryptionServiceProvider->parseKey(Array)
#4 /home4/livekhv2/public_html/vendor/laravel/framework/src/Illuminate/Container/Container.php(937): Illuminate\\Encryption\\EncryptionServiceProvider->Illuminate\\Encryption\\{closure}(Object(Illuminate\\Foundation\\Application), Array)
#5 /home4/livekhv2/public_html/vendor/laravel/framework/src/Illuminate/Container/Container.php(819): Illuminate\\Container\\Container->build(Object(Closure))
#6 /home4/livekhv2/public_html/vendor/laravel/framework/src/Illuminate/Foundation/Application.php(1048): Illuminate\\Container\\Container->resolve('encrypter', Array, true)
#7 /home4/livekhv2/public_html/vendor/laravel/framework/src/Illuminate/Container/Container.php(755): Illuminate\\Foundation\\Application->resolve('encrypter', Array)
#8 /home4/livekhv2/public_html/vendor/laravel/framework/src/Illuminate/Foundation/Application.php(1030): Illuminate\\Container\\Container->make('encrypter', Array)
#9 /home4/livekhv2/public_html/vendor/laravel/framework/src/Illuminate/Container/Container.php(1118): Illuminate\\Foundation\\Application->make('encrypter')
#10 /home4/livekhv2/public_html/vendor/laravel/framework/src/Illuminate/Container/Container.php(1028): Illuminate\\Container\\Container->resolveClass(Object(ReflectionParameter))
#11 /home4/livekhv2/public_html/vendor/laravel/framework/src/Illuminate/Container/Container.php(979): Illuminate\\Container\\Container->resolveDependencies(Array)
#12 /home4/livekhv2/public_html/vendor/laravel/framework/src/Illuminate/Container/Container.php(819): Illuminate\\Container\\Container->build('App\\\\Http\\\\Middle...')
#13 /home4/livekhv2/public_html/vendor/laravel/framework/src/Illuminate/Foundation/Application.php(1048): Illuminate\\Container\\Container->resolve('App\\\\Http\\\\Middle...', Array, true)
#14 /home4/livekhv2/public_html/vendor/laravel/framework/src/Illuminate/Container/Container.php(755): Illuminate\\Foundation\\Application->resolve('App\\\\Http\\\\Middle...', Array)
#15 /home4/livekhv2/public_html/vendor/laravel/framework/src/Illuminate/Foundation/Application.php(1030): Illuminate\\Container\\Container->make('App\\\\Http\\\\Middle...', Array)
#16 /home4/livekhv2/public_html/vendor/laravel/framework/src/Illuminate/Pipeline/Pipeline.php(172): Illuminate\\Foundation\\Application->make('App\\\\Http\\\\Middle...')
#17 /home4/livekhv2/public_html/vendor/laravel/framework/src/Illuminate/Pipeline/Pipeline.php(119): Illuminate\\Pipeline\\Pipeline->Illuminate\\Pipeline\\{closure}(Object(Illuminate\\Http\\Request))
#18 /home4/livekhv2/public_html/vendor/laravel/framework/src/Illuminate/Routing/Router.php(807): Illuminate\\Pipeline\\Pipeline->then(Object(Closure))
#19 /home4/livekhv2/public_html/vendor/laravel/framework/src/Illuminate/Routing/Router.php(786): Illuminate\\Routing\\Router->runRouteWithinStack(Object(Illuminate\\Routing\\Route), Object(Illuminate\\Http\\Request))
#20 /home4/livekhv2/public_html/vendor/laravel/framework/src/Illuminate/Routing/Router.php(750): Illuminate\\Routing\\Router->runRoute(Object(Illuminate\\Http\\Request), Object(Illuminate\\Routing\\Route))
#21 /home4/livekhv2/public_html/vendor/laravel/framework/src/Illuminate/Routing/Router.php(739): Illuminate\\Routing\\Router->dispatchToRoute(Object(Illuminate\\Http\\Request))
#22 /home4/livekhv2/public_html/vendor/laravel/framework/src/Illuminate/Foundation/Http/Kernel.php(201): Illuminate\\Routing\\Router->dispatch(Object(Illuminate\\Http\\Request))
#23 /home4/livekhv2/public_html/vendor/laravel/framework/src/Illuminate/Pipeline/Pipeline.php(144): Illuminate\\Foundation\\Http\\Kernel->Illuminate\\Foundation\\Http\\{closure}(Object(Illuminate\\Http\\Request))
#24 /home4/livekhv2/public_html/vendor/livewire/livewire/src/Features/SupportDisablingBackButtonCache/DisableBackButtonCacheMiddleware.php(19): Illuminate\\Pipeline\\Pipeline->Illuminate\\Pipeline\\{closure}(Object(Illuminate\\Http\\Request))
#25 /home4/livekhv2/public_html/vendor/laravel/framework/src/Illuminate/Pipeline/Pipeline.php(183): Livewire\\Features\\SupportDisablingBackButtonCache\\DisableBackButtonCacheMiddleware->handle(Object(Illuminate\\Http\\Request), Object(Closure))
#26 /home4/livekhv2/public_html/vendor/laravel/framework/src/Illuminate/Foundation/Http/Middleware/TransformsRequest.php(21): Illuminate\\Pipeline\\Pipeline->Illuminate\\Pipeline\\{closure}(Object(Illuminate\\Http\\Request))
#27 /home4/livekhv2/public_html/vendor/laravel/framework/src/Illuminate/Foundation/Http/Middleware/ConvertEmptyStringsToNull.php(31): Illuminate\\Foundation\\Http\\Middleware\\TransformsRequest->handle(Object(Illuminate\\Http\\Request), Object(Closure))
#28 /home4/livekhv2/public_html/vendor/laravel/framework/src/Illuminate/Pipeline/Pipeline.php(183): Illuminate\\Foundation\\Http\\Middleware\\ConvertEmptyStringsToNull->handle(Object(Illuminate\\Http\\Request), Object(Closure))
#29 /home4/livekhv2/public_html/vendor/laravel/framework/src/Illuminate/Foundation/Http/Middleware/TransformsRequest.php(21): Illuminate\\Pipeline\\Pipeline->Illuminate\\Pipeline\\{closure}(Object(Illuminate\\Http\\Request))
#30 /home4/livekhv2/public_html/vendor/laravel/framework/src/Illuminate/Foundation/Http/Middleware/TrimStrings.php(51): Illuminate\\Foundation\\Http\\Middleware\\TransformsRequest->handle(Object(Illuminate\\Http\\Request), Object(Closure))
#31 /home4/livekhv2/public_html/vendor/laravel/framework/src/Illuminate/Pipeline/Pipeline.php(183): Illuminate\\Foundation\\Http\\Middleware\\TrimStrings->handle(Object(Illuminate\\Http\\Request), Object(Closure))
#32 /home4/livekhv2/public_html/vendor/laravel/framework/src/Illuminate/Http/Middleware/ValidatePostSize.php(27): Illuminate\\Pipeline\\Pipeline->Illuminate\\Pipeline\\{closure}(Object(Illuminate\\Http\\Request))
#33 /home4/livekhv2/public_html/vendor/laravel/framework/src/Illuminate/Pipeline/Pipeline.php(183): Illuminate\\Http\\Middleware\\ValidatePostSize->handle(Object(Illuminate\\Http\\Request), Object(Closure))
#34 /home4/livekhv2/public_html/vendor/laravel/framework/src/Illuminate/Foundation/Http/Middleware/PreventRequestsDuringMaintenance.php(110): Illuminate\\Pipeline\\Pipeline->Illuminate\\Pipeline\\{closure}(Object(Illuminate\\Http\\Request))
#35 /home4/livekhv2/public_html/vendor/laravel/framework/src/Illuminate/Pipeline/Pipeline.php(183): Illuminate\\Foundation\\Http\\Middleware\\PreventRequestsDuringMaintenance->handle(Object(Illuminate\\Http\\Request), Object(Closure))
#36 /home4/livekhv2/public_html/vendor/laravel/framework/src/Illuminate/Http/Middleware/HandleCors.php(49): Illuminate\\Pipeline\\Pipeline->Illuminate\\Pipeline\\{closure}(Object(Illuminate\\Http\\Request))
#37 /home4/livekhv2/public_html/vendor/laravel/framework/src/Illuminate/Pipeline/Pipeline.php(183): Illuminate\\Http\\Middleware\\HandleCors->handle(Object(Illuminate\\Http\\Request), Object(Closure))
#38 /home4/livekhv2/public_html/vendor/laravel/framework/src/Illuminate/Http/Middleware/TrustProxies.php(58): Illuminate\\Pipeline\\Pipeline->Illuminate\\Pipeline\\{closure}(Object(Illuminate\\Http\\Request))
#39 /home4/livekhv2/public_html/vendor/laravel/framework/src/Illuminate/Pipeline/Pipeline.php(183): Illuminate\\Http\\Middleware\\TrustProxies->handle(Object(Illuminate\\Http\\Request), Object(Closure))
#40 /home4/livekhv2/public_html/vendor/laravel/framework/src/Illuminate/Pipeline/Pipeline.php(119): Illuminate\\Pipeline\\Pipeline->Illuminate\\Pipeline\\{closure}(Object(Illuminate\\Http\\Request))
#41 /home4/livekhv2/public_html/vendor/laravel/framework/src/Illuminate/Foundation/Http/Kernel.php(176): Illuminate\\Pipeline\\Pipeline->then(Object(Closure))
#42 /home4/livekhv2/public_html/vendor/laravel/framework/src/Illuminate/Foundation/Http/Kernel.php(145): Illuminate\\Foundation\\Http\\Kernel->sendRequestThroughRouter(Object(Illuminate\\Http\\Request))
#43 /home4/livekhv2/public_html/index.php(51): Illuminate\\Foundation\\Http\\Kernel->handle(Object(Illuminate\\Http\\Request))
#44 {main}
"} 
[2026-06-18 13:35:18] production.ERROR: Attempt to read property "favicon_driver" on null (View: /home4/livekhv2/public_html/resources/views/layouts/error.blade.php) (View: /home4/livekhv2/public_html/resources/views/layouts/error.blade.php) (View: /home4/livekhv2/public_html/resources/views/layouts/error.blade.php) {"exception":"[object] (Illuminate\\View\\ViewException(code: 0): Attempt to read property \"favicon_driver\" on null (View: /home4/livekhv2/public_html/resources/views/layouts/error.blade.php) (View: /home4/livekhv2/public_html/resources/views/layouts/error.blade.php) (View: /home4/livekhv2/public_html/resources/views/layouts/error.blade.php) at /home4/livekhv2/public_html/storage/framework/views/9c0a7a1dc92d0624890d37a42eb7b6ae.php:9)
[stacktrace]
#0 /home4/livekhv2/public_html/vendor/livewire/livewire/src/Mechanisms/ExtendBlade/ExtendedCompilerEngine.php(58): Illuminate\\View\\Engines\\CompilerEngine->handleViewException(Object(Illuminate\\View\\ViewException), 0)
#1 /home4/livekhv2/public_html/vendor/laravel/framework/src/Illuminate/View/Engines/PhpEngine.php(60): Livewire\\Mechanisms\\ExtendBlade\\ExtendedCompilerEngine->handleViewException(Object(Illuminate\\View\\ViewException), 0)
#2 /home4/livekhv2/public_html/vendor/livewire/livewire/src/Mechanisms/ExtendBlade/ExtendedCompilerEngine.php(22): Illuminate\\View\\Engines\\PhpEngine->evaluatePath('/home4/livekhv2...', Array)
#3 /home4/livekhv2/public_html/vendor/laravel/framework/src/Illuminate/View/Engines/CompilerEngine.php(75): Livewire\\Mechanisms\\ExtendBlade\\ExtendedCompilerEngine->evaluatePath('/home4/livekhv2...', Array)
#4 /home4/livekhv2/public_html/vendor/livewire/livewire/src/Mechanisms/ExtendBlade/ExtendedCompilerEngine.php(10): Illuminate\\View\\Engines\\CompilerEngine->get('/home4/livekhv2...', Array)
#5 /home4/livekhv2/public_html/vendor/laravel/framework/src/Illuminate/View/View.php(209): Livewire\\Mechanisms\\ExtendBlade\\ExtendedCompilerEngine->get('/home4/livekhv2...', Array)
#6 /home4/livekhv2/public_html/vendor/laravel/framework/src/Illuminate/View/View.php(192): Illuminate\\View\\View->getContents()
#7 /home4/livekhv2/public_html/vendor/laravel/framework/src/Illuminate/View/View.php(161): Illuminate\\View\\View->renderContents()
#8 /home4/livekhv2/public_html/vendor/laravel/framework/src/Illuminate/Http/Response.php(79): Illuminate\\View\\View->render()
#9 /home4/livekhv2/public_html/vendor/laravel/framework/src/Illuminate/Http/Response.php(35): Illuminate\\Http\\Response->setContent(Object(Illuminate\\View\\View))
#10 /home4/livekhv2/public_html/vendor/laravel/framework/src/Illuminate/Routing/ResponseFactory.php(58): Illuminate\\Http\\Response->__construct(Object(Illuminate\\View\\View), 500, Array)
#11 /home4/livekhv2/public_html/vendor/laravel/framework/src/Illuminate/Routing/ResponseFactory.php(88): Illuminate\\Routing\\ResponseFactory->make(Object(Illuminate\\View\\View), 500, Array)
#12 /home4/livekhv2/public_html/vendor/laravel/framework/src/Illuminate/Foundation/Exceptions/Handler.php(894): Illuminate\\Routing\\ResponseFactory->view('errors::500', Array, 500, Array)
#13 /home4/livekhv2/public_html/vendor/laravel/framework/src/Illuminate/Foundation/Exceptions/Handler.php(815): Illuminate\\Foundation\\Exceptions\\Handler->renderHttpException(Object(Symfony\\Component\\HttpKernel\\Exception\\HttpException))
#14 /home4/livekhv2/public_html/vendor/laravel/framework/src/Illuminate/Foundation/Exceptions/Handler.php(706): Illuminate\\Foundation\\Exceptions\\Handler->prepareResponse(Object(Illuminate\\Http\\Request), Object(Symfony\\Component\\HttpKernel\\Exception\\HttpException))
#15 /home4/livekhv2/public_html/vendor/laravel/framework/src/Illuminate/Foundation/Exceptions/Handler.php(594): Illuminate\\Foundation\\Exceptions\\Handler->renderExceptionResponse(Object(Illuminate\\Http\\Request), Object(Illuminate\\Encryption\\MissingAppKeyException))
#16 /home4/livekhv2/public_html/vendor/laravel/framework/src/Illuminate/Routing/Pipeline.php(51): Illuminate\\Foundation\\Exceptions\\Handler->render(Object(Illuminate\\Http\\Request), Object(Illuminate\\Encryption\\MissingAppKeyException))
#17 /home4/livekhv2/public_html/vendor/laravel/framework/src/Illuminate/Pipeline/Pipeline.php(188): Illuminate\\Routing\\Pipeline->handleException(Object(Illuminate\\Http\\Request), Object(Illuminate\\Encryption\\MissingAppKeyException))
#18 /home4/livekhv2/public_html/vendor/laravel/framework/src/Illuminate/Pipeline/Pipeline.php(119): Illuminate\\Pipeline\\Pipeline->Illuminate\\Pipeline\\{closure}(Object(Illuminate\\Http\\Request))
#19 /home4/livekhv2/public_html/vendor/laravel/framework/src/Illuminate/Routing/Router.php(807): Illuminate\\Pipeline\\Pipeline->then(Object(Closure))
#20 /home4/livekhv2/public_html/vendor/laravel/framework/src/Illuminate/Routing/Router.php(786): Illuminate\\Routing\\Router->runRouteWithinStack(Object(Illuminate\\Routing\\Route), Object(Illuminate\\Http\\Request))
#21 /home4/livekhv2/public_html/vendor/laravel/framework/src/Illuminate/Routing/Router.php(750): Illuminate\\Routing\\Router->runRoute(Object(Illuminate\\Http\\Request), Object(Illuminate\\Routing\\Route))
#22 /home4/livekhv2/public_html/vendor/laravel/framework/src/Illuminate/Routing/Router.php(739): Illuminate\\Routing\\Router->dispatchToRoute(Object(Illuminate\\Http\\Request))
#23 /home4/livekhv2/public_html/vendor/laravel/framework/src/Illuminate/Foundation/Http/Kernel.php(201): Illuminate\\Routing\\Router->dispatch(Object(Illuminate\\Http\\Request))
#24 /home4/livekhv2/public_html/vendor/laravel/framework/src/Illuminate/Pipeline/Pipeline.php(144): Illuminate\\Foundation\\Http\\Kernel->Illuminate\\Foundation\\Http\\{closure}(Object(Illuminate\\Http\\Request))
#25 /home4/livekhv2/public_html/vendor/livewire/livewire/src/Features/SupportDisablingBackButtonCache/DisableBackButtonCacheMiddleware.php(19): Illuminate\\Pipeline\\Pipeline->Illuminate\\Pipeline\\{closure}(Object(Illuminate\\Http\\Request))
#26 /home4/livekhv2/public_html/vendor/laravel/framework/src/Illuminate/Pipeline/Pipeline.php(183): Livewire\\Features\\SupportDisablingBackButtonCache\\DisableBackButtonCacheMiddleware->handle(Object(Illuminate\\Http\\Request), Object(Closure))
#27 /home4/livekhv2/public_html/vendor/laravel/framework/src/Illuminate/Foundation/Http/Middleware/TransformsRequest.php(21): Illuminate\\Pipeline\\Pipeline->Illuminate\\Pipeline\\{closure}(Object(Illuminate\\Http\\Request))
#28 /home4/livekhv2/public_html/vendor/laravel/framework/src/Illuminate/Foundation/Http/Middleware/ConvertEmptyStringsToNull.php(31): Illuminate\\Foundation\\Http\\Middleware\\TransformsRequest->handle(Object(Illuminate\\Http\\Request), Object(Closure))
#29 /home4/livekhv2/public_html/vendor/laravel/framework/src/Illuminate/Pipeline/Pipeline.php(183): Illuminate\\Foundation\\Http\\Middleware\\ConvertEmptyStringsToNull->handle(Object(Illuminate\\Http\\Request), Object(Closure))
#30 /home4/livekhv2/public_html/vendor/laravel/framework/src/Illuminate/Foundation/Http/Middleware/TransformsRequest.php(21): Illuminate\\Pipeline\\Pipeline->Illuminate\\Pipeline\\{closure}(Object(Illuminate\\Http\\Request))
#31 /home4/livekhv2/public_html/vendor/laravel/framework/src/Illuminate/Foundation/Http/Middleware/TrimStrings.php(51): Illuminate\\Foundation\\Http\\Middleware\\TransformsRequest->handle(Object(Illuminate\\Http\\Request), Object(Closure))
#32 /home4/livekhv2/public_html/vendor/laravel/framework/src/Illuminate/Pipeline/Pipeline.php(183): Illuminate\\Foundation\\Http\\Middleware\\TrimStrings->handle(Object(Illuminate\\Http\\Request), Object(Closure))
#33 /home4/livekhv2/public_html/vendor/laravel/framework/src/Illuminate/Http/Middleware/ValidatePostSize.php(27): Illuminate\\Pipeline\\Pipeline->Illuminate\\Pipeline\\{closure}(Object(Illuminate\\Http\\Request))
#34 /home4/livekhv2/public_html/vendor/laravel/framework/src/Illuminate/Pipeline/Pipeline.php(183): Illuminate\\Http\\Middleware\\ValidatePostSize->handle(Object(Illuminate\\Http\\Request), Object(Closure))
#35 /home4/livekhv2/public_html/vendor/laravel/framework/src/Illuminate/Foundation/Http/Middleware/PreventRequestsDuringMaintenance.php(110): Illuminate\\Pipeline\\Pipeline->Illuminate\\Pipeline\\{closure}(Object(Illuminate\\Http\\Request))
#36 /home4/livekhv2/public_html/vendor/laravel/framework/src/Illuminate/Pipeline/Pipeline.php(183): Illuminate\\Foundation\\Http\\Middleware\\PreventRequestsDuringMaintenance->handle(Object(Illuminate\\Http\\Request), Object(Closure))
#37 /home4/livekhv2/public_html/vendor/laravel/framework/src/Illuminate/Http/Middleware/HandleCors.php(49): Illuminate\\Pipeline\\Pipeline->Illuminate\\Pipeline\\{closure}(Object(Illuminate\\Http\\Request))
#38 /home4/livekhv2/public_html/vendor/laravel/framework/src/Illuminate/Pipeline/Pipeline.php(183): Illuminate\\Http\\Middleware\\HandleCors->handle(Object(Illuminate\\Http\\Request), Object(Closure))
#39 /home4/livekhv2/public_html/vendor/laravel/framework/src/Illuminate/Http/Middleware/TrustProxies.php(58): Illuminate\\Pipeline\\Pipeline->Illuminate\\Pipeline\\{closure}(Object(Illuminate\\Http\\Request))
#40 /home4/livekhv2/public_html/vendor/laravel/framework/src/Illuminate/Pipeline/Pipeline.php(183): Illuminate\\Http\\Middleware\\TrustProxies->handle(Object(Illuminate\\Http\\Request), Object(Closure))
#41 /home4/livekhv2/public_html/vendor/laravel/framework/src/Illuminate/Pipeline/Pipeline.php(119): Illuminate\\Pipeline\\Pipeline->Illuminate\\Pipeline\\{closure}(Object(Illuminate\\Http\\Request))
#42 /home4/livekhv2/public_html/vendor/laravel/framework/src/Illuminate/Foundation/Http/Kernel.php(176): Illuminate\\Pipeline\\Pipeline->then(Object(Closure))
#43 /home4/livekhv2/public_html/vendor/laravel/framework/src/Illuminate/Foundation/Http/Kernel.php(145): Illuminate\\Foundation\\Http\\Kernel->sendRequestThroughRouter(Object(Illuminate\\Http\\Request))
#44 /home4/livekhv2/public_html/index.php(51): Illuminate\\Foundation\\Http\\Kernel->handle(Object(Illuminate\\Http\\Request))
#45 {main}

[previous exception] [object] (Illuminate\\View\\ViewException(code: 0): Attempt to read property \"favicon_driver\" on null (View: /home4/livekhv2/public_html/resources/views/layouts/error.blade.php) (View: /home4/livekhv2/public_html/resources/views/layouts/error.blade.php) at /home4/livekhv2/public_html/storage/framework/views/9c0a7a1dc92d0624890d37a42eb7b6ae.php:9)
[stacktrace]
#0 /home4/livekhv2/public_html/vendor/livewire/livewire/src/Mechanisms/ExtendBlade/ExtendedCompilerEngine.php(58): Illuminate\\View\\Engines\\CompilerEngine->handleViewException(Object(Illuminate\\View\\ViewException), 1)
#1 /home4/livekhv2/public_html/vendor/laravel/framework/src/Illuminate/View/Engines/PhpEngine.php(60): Livewire\\Mechanisms\\ExtendBlade\\ExtendedCompilerEngine->handleViewException(Object(Illuminate\\View\\ViewException), 1)
#2 /home4/livekhv2/public_html/vendor/livewire/livewire/src/Mechanisms/ExtendBlade/ExtendedCompilerEngine.php(22): Illuminate\\View\\Engines\\PhpEngine->evaluatePath('/home4/livekhv2...', Array)
#3 /home4/livekhv2/public_html/vendor/laravel/framework/src/Illuminate/View/Engines/CompilerEngine.php(75): Livewire\\Mechanisms\\ExtendBlade\\ExtendedCompilerEngine->evaluatePath('/home4/livekhv2...', Array)
#4 /home4/livekhv2/public_html/vendor/livewire/livewire/src/Mechanisms/ExtendBlade/ExtendedCompilerEngine.php(10): Illuminate\\View\\Engines\\CompilerEngine->get('/home4/livekhv2...', Array)
#5 /home4/livekhv2/public_html/vendor/laravel/framework/src/Illuminate/View/View.php(209): Livewire\\Mechanisms\\ExtendBlade\\ExtendedCompilerEngine->get('/home4/livekhv2...', Array)
#6 /home4/livekhv2/public_html/vendor/laravel/framework/src/Illuminate/View/View.php(192): Illuminate\\View\\View->getContents()
#7 /home4/livekhv2/public_html/vendor/laravel/framework/src/Illuminate/View/View.php(161): Illuminate\\View\\View->renderContents()
#8 /home4/livekhv2/public_html/storage/framework/views/0bbfefac8d5665b8324be88778b4eaaa.php(1): Illuminate\\View\\View->render()
#9 /home4/livekhv2/public_html/vendor/laravel/framework/src/Illuminate/Filesystem/Filesystem.php(123): require('/home4/livekhv2...')
#10 /home4/livekhv2/public_html/vendor/laravel/framework/src/Illuminate/Filesystem/Filesystem.php(124): Illuminate\\Filesystem\\Filesystem::Illuminate\\Filesystem\\{closure}()
#11 /home4/livekhv2/public_html/vendor/laravel/framework/src/Illuminate/View/Engines/PhpEngine.php(58): Illuminate\\Filesystem\\Filesystem->getRequire('/home4/livekhv2...', Array)
#12 /home4/livekhv2/public_html/vendor/livewire/livewire/src/Mechanisms/ExtendBlade/ExtendedCompilerEngine.php(22): Illuminate\\View\\Engines\\PhpEngine->evaluatePath('/home4/livekhv2...', Array)
#13 /home4/livekhv2/public_html/vendor/laravel/framework/src/Illuminate/View/Engines/CompilerEngine.php(75): Livewire\\Mechanisms\\ExtendBlade\\ExtendedCompilerEngine->evaluatePath('/home4/livekhv2...', Array)
#14 /home4/livekhv2/public_html/vendor/livewire/livewire/src/Mechanisms/ExtendBlade/ExtendedCompilerEngine.php(10): Illuminate\\View\\Engines\\CompilerEngine->get('/home4/livekhv2...', Array)
#15 /home4/livekhv2/public_html/vendor/laravel/framework/src/Illuminate/View/View.php(209): Livewire\\Mechanisms\\ExtendBlade\\ExtendedCompilerEngine->get('/home4/livekhv2...', Array)
#16 /home4/livekhv2/public_html/vendor/laravel/framework/src/Illuminate/View/View.php(192): Illuminate\\View\\View->getContents()
#17 /home4/livekhv2/public_html/vendor/laravel/framework/src/Illuminate/View/View.php(161): Illuminate\\View\\View->renderContents()
#18 /home4/livekhv2/public_html/vendor/laravel/framework/src/Illuminate/Http/Response.php(79): Illuminate\\View\\View->render()
#19 /home4/livekhv2/public_html/vendor/laravel/framework/src/Illuminate/Http/Response.php(35): Illuminate\\Http\\Response->setContent(Object(Illuminate\\View\\View))
#20 /home4/livekhv2/public_html/vendor/laravel/framework/src/Illuminate/Routing/ResponseFactory.php(58): Illuminate\\Http\\Response->__construct(Object(Illuminate\\View\\View), 500, Array)
#21 /home4/livekhv2/public_html/vendor/laravel/framework/src/Illuminate/Routing/ResponseFactory.php(88): Illuminate\\Routing\\ResponseFactory->make(Object(Illuminate\\View\\View), 500, Array)
#22 /home4/livekhv2/public_html/vendor/laravel/framework/src/Illuminate/Foundation/Exceptions/Handler.php(894): Illuminate\\Routing\\ResponseFactory->view('errors::500', Array, 500, Array)
#23 /home4/livekhv2/public_html/vendor/laravel/framework/src/Illuminate/Foundation/Exceptions/Handler.php(815): Illuminate\\Foundation\\Exceptions\\Handler->renderHttpException(Object(Symfony\\Component\\HttpKernel\\Exception\\HttpException))
#24 /home4/livekhv2/public_html/vendor/laravel/framework/src/Illuminate/Foundation/Exceptions/Handler.php(706): Illuminate\\Foundation\\Exceptions\\Handler->prepareResponse(Object(Illuminate\\Http\\Request), Object(Symfony\\Component\\HttpKernel\\Exception\\HttpException))
#25 /home4/livekhv2/public_html/vendor/laravel/framework/src/Illuminate/Foundation/Exceptions/Handler.php(594): Illuminate\\Foundation\\Exceptions\\Handler->renderExceptionResponse(Object(Illuminate\\Http\\Request), Object(Illuminate\\Encryption\\MissingAppKeyException))
#26 /home4/livekhv2/public_html/vendor/laravel/framework/src/Illuminate/Routing/Pipeline.php(51): Illuminate\\Foundation\\Exceptions\\Handler->render(Object(Illuminate\\Http\\Request), Object(Illuminate\\Encryption\\MissingAppKeyException))
#27 /home4/livekhv2/public_html/vendor/laravel/framework/src/Illuminate/Pipeline/Pipeline.php(188): Illuminate\\Routing\\Pipeline->handleException(Object(Illuminate\\Http\\Request), Object(Illuminate\\Encryption\\MissingAppKeyException))
#28 /home4/livekhv2/public_html/vendor/laravel/framework/src/Illuminate/Pipeline/Pipeline.php(119): Illuminate\\Pipeline\\Pipeline->Illuminate\\Pipeline\\{closure}(Object(Illuminate\\Http\\Request))
#29 /home4/livekhv2/public_html/vendor/laravel/framework/src/Illuminate/Routing/Router.php(807): Illuminate\\Pipeline\\Pipeline->then(Object(Closure))
#30 /home4/livekhv2/public_html/vendor/laravel/framework/src/Illuminate/Routing/Router.php(786): Illuminate\\Routing\\Router->runRouteWithinStack(Object(Illuminate\\Routing\\Route), Object(Illuminate\\Http\\Request))
#31 /home4/livekhv2/public_html/vendor/laravel/framework/src/Illuminate/Routing/Router.php(750): Illuminate\\Routing\\Router->runRoute(Object(Illuminate\\Http\\Request), Object(Illuminate\\Routing\\Route))
#32 /home4/livekhv2/public_html/vendor/laravel/framework/src/Illuminate/Routing/Router.php(739): Illuminate\\Routing\\Router->dispatchToRoute(Object(Illuminate\\Http\\Request))
#33 /home4/livekhv2/public_html/vendor/laravel/framework/src/Illuminate/Foundation/Http/Kernel.php(201): Illuminate\\Routing\\Router->dispatch(Object(Illuminate\\Http\\Request))
#34 /home4/livekhv2/public_html/vendor/laravel/framework/src/Illuminate/Pipeline/Pipeline.php(144): Illuminate\\Foundation\\Http\\Kernel->Illuminate\\Foundation\\Http\\{closure}(Object(Illuminate\\Http\\Request))
#35 /home4/livekhv2/public_html/vendor/livewire/livewire/src/Features/SupportDisablingBackButtonCache/DisableBackButtonCacheMiddleware.php(19): Illuminate\\Pipeline\\Pipeline->Illuminate\\Pipeline\\{closure}(Object(Illuminate\\Http\\Request))
#36 /home4/livekhv2/public_html/vendor/laravel/framework/src/Illuminate/Pipeline/Pipeline.php(183): Livewire\\Features\\SupportDisablingBackButtonCache\\DisableBackButtonCacheMiddleware->handle(Object(Illuminate\\Http\\Request), Object(Closure))
#37 /home4/livekhv2/public_html/vendor/laravel/framework/src/Illuminate/Foundation/Http/Middleware/TransformsRequest.php(21): Illuminate\\Pipeline\\Pipeline->Illuminate\\Pipeline\\{closure}(Object(Illuminate\\Http\\Request))
#38 /home4/livekhv2/public_html/vendor/laravel/framework/src/Illuminate/Foundation/Http/Middleware/ConvertEmptyStringsToNull.php(31): Illuminate\\Foundation\\Http\\Middleware\\TransformsRequest->handle(Object(Illuminate\\Http\\Request), Object(Closure))
#39 /home4/livekhv2/public_html/vendor/laravel/framework/src/Illuminate/Pipeline/Pipeline.php(183): Illuminate\\Foundation\\Http\\Middleware\\ConvertEmptyStringsToNull->handle(Object(Illuminate\\Http\\Request), Object(Closure))
#40 /home4/livekhv2/public_html/vendor/laravel/framework/src/Illuminate/Foundation/Http/Middleware/TransformsRequest.php(21): Illuminate\\Pipeline\\Pipeline->Illuminate\\Pipeline\\{closure}(Object(Illuminate\\Http\\Request))
#41 /home4/livekhv2/public_html/vendor/laravel/framework/src/Illuminate/Foundation/Http/Middleware/TrimStrings.php(51): Illuminate\\Foundation\\Http\\Middleware\\TransformsRequest->handle(Object(Illuminate\\Http\\Request), Object(Closure))
#42 /home4/livekhv2/public_html/vendor/laravel/framework/src/Illuminate/Pipeline/Pipeline.php(183): Illuminate\\Foundation\\Http\\Middleware\\TrimStrings->handle(Object(Illuminate\\Http\\Request), Object(Closure))
#43 /home4/livekhv2/public_html/vendor/laravel/framework/src/Illuminate/Http/Middleware/ValidatePostSize.php(27): Illuminate\\Pipeline\\Pipeline->Illuminate\\Pipeline\\{closure}(Object(Illuminate\\Http\\Request))
#44 /home4/livekhv2/public_html/vendor/laravel/framework/src/Illuminate/Pipeline/Pipeline.php(183): Illuminate\\Http\\Middleware\\ValidatePostSize->handle(Object(Illuminate\\Http\\Request), Object(Closure))
#45 /home4/livekhv2/public_html/vendor/laravel/framework/src/Illuminate/Foundation/Http/Middleware/PreventRequestsDuringMaintenance.php(110): Illuminate\\Pipeline\\Pipeline->Illuminate\\Pipeline\\{closure}(Object(Illuminate\\Http\\Request))
#46 /home4/livekhv2/public_html/vendor/laravel/framework/src/Illuminate/Pipeline/Pipeline.php(183): Illuminate\\Foundation\\Http\\Middleware\\PreventRequestsDuringMaintenance->handle(Object(Illuminate\\Http\\Request), Object(Closure))
#47 /home4/livekhv2/public_html/vendor/laravel/framework/src/Illuminate/Http/Middleware/HandleCors.php(49): Illuminate\\Pipeline\\Pipeline->Illuminate\\Pipeline\\{closure}(Object(Illuminate\\Http\\Request))
#48 /home4/livekhv2/public_html/vendor/laravel/framework/src/Illuminate/Pipeline/Pipeline.php(183): Illuminate\\Http\\Middleware\\HandleCors->handle(Object(Illuminate\\Http\\Request), Object(Closure))
#49 /home4/livekhv2/public_html/vendor/laravel/framework/src/Illuminate/Http/Middleware/TrustProxies.php(58): Illuminate\\Pipeline\\Pipeline->Illuminate\\Pipeline\\{closure}(Object(Illuminate\\Http\\Request))
#50 /home4/livekhv2/public_html/vendor/laravel/framework/src/Illuminate/Pipeline/Pipeline.php(183): Illuminate\\Http\\Middleware\\TrustProxies->handle(Object(Illuminate\\Http\\Request), Object(Closure))
#51 /home4/livekhv2/public_html/vendor/laravel/framework/src/Illuminate/Pipeline/Pipeline.php(119): Illuminate\\Pipeline\\Pipeline->Illuminate\\Pipeline\\{closure}(Object(Illuminate\\Http\\Request))
#52 /home4/livekhv2/public_html/vendor/laravel/framework/src/Illuminate/Foundation/Http/Kernel.php(176): Illuminate\\Pipeline\\Pipeline->then(Object(Closure))
#53 /home4/livekhv2/public_html/vendor/laravel/framework/src/Illuminate/Foundation/Http/Kernel.php(145): Illuminate\\Foundation\\Http\\Kernel->sendRequestThroughRouter(Object(Illuminate\\Http\\Request))
#54 /home4/livekhv2/public_html/index.php(51): Illuminate\\Foundation\\Http\\Kernel->handle(Object(Illuminate\\Http\\Request))
#55 {main}

[previous exception] [object] (Illuminate\\View\\ViewException(code: 0): Attempt to read property \"favicon_driver\" on null (View: /home4/livekhv2/public_html/resources/views/layouts/error.blade.php) at /home4/livekhv2/public_html/storage/framework/views/9c0a7a1dc92d0624890d37a42eb7b6ae.php:9)
[stacktrace]
#0 /home4/livekhv2/public_html/vendor/livewire/livewire/src/Mechanisms/ExtendBlade/ExtendedCompilerEngine.php(58): Illuminate\\View\\Engines\\CompilerEngine->handleViewException(Object(ErrorException), 2)
#1 /home4/livekhv2/public_html/vendor/laravel/framework/src/Illuminate/View/Engines/PhpEngine.php(60): Livewire\\Mechanisms\\ExtendBlade\\ExtendedCompilerEngine->handleViewException(Object(ErrorException), 2)
#2 /home4/livekhv2/public_html/vendor/livewire/livewire/src/Mechanisms/ExtendBlade/ExtendedCompilerEngine.php(22): Illuminate\\View\\Engines\\PhpEngine->evaluatePath('/home4/livekhv2...', Array)
#3 /home4/livekhv2/public_html/vendor/laravel/framework/src/Illuminate/View/Engines/CompilerEngine.php(75): Livewire\\Mechanisms\\ExtendBlade\\ExtendedCompilerEngine->evaluatePath('/home4/livekhv2...', Array)
#4 /home4/livekhv2/public_html/vendor/livewire/livewire/src/Mechanisms/ExtendBlade/ExtendedCompilerEngine.php(10): Illuminate\\View\\Engines\\CompilerEngine->get('/home4/livekhv2...', Array)
#5 /home4/livekhv2/public_html/vendor/laravel/framework/src/Illuminate/View/View.php(209): Livewire\\Mechanisms\\ExtendBlade\\ExtendedCompilerEngine->get('/home4/livekhv2...', Array)
#6 /home4/livekhv2/public_html/vendor/laravel/framework/src/Illuminate/View/View.php(192): Illuminate\\View\\View->getContents()
#7 /home4/livekhv2/public_html/vendor/laravel/framework/src/Illuminate/View/View.php(161): Illuminate\\View\\View->renderContents()
#8 /home4/livekhv2/public_html/storage/framework/views/a3dd9474e30a9104345c46b13f6a01cb.php(6): Illuminate\\View\\View->render()
#9 /home4/livekhv2/public_html/vendor/laravel/framework/src/Illuminate/Filesystem/Filesystem.php(123): require('/home4/livekhv2...')
#10 /home4/livekhv2/public_html/vendor/laravel/framework/src/Illuminate/Filesystem/Filesystem.php(124): Illuminate\\Filesystem\\Filesystem::Illuminate\\Filesystem\\{closure}()
#11 /home4/livekhv2/public_html/vendor/laravel/framework/src/Illuminate/View/Engines/PhpEngine.php(58): Illuminate\\Filesystem\\Filesystem->getRequire('/home4/livekhv2...', Array)
#12 /home4/livekhv2/public_html/vendor/livewire/livewire/src/Mechanisms/ExtendBlade/ExtendedCompilerEngine.php(22): Illuminate\\View\\Engines\\PhpEngine->evaluatePath('/home4/livekhv2...', Array)
#13 /home4/livekhv2/public_html/vendor/laravel/framework/src/Illuminate/View/Engines/CompilerEngine.php(75): Livewire\\Mechanisms\\ExtendBlade\\ExtendedCompilerEngine->evaluatePath('/home4/livekhv2...', Array)
#14 /home4/livekhv2/public_html/vendor/livewire/livewire/src/Mechanisms/ExtendBlade/ExtendedCompilerEngine.php(10): Illuminate\\View\\Engines\\CompilerEngine->get('/home4/livekhv2...', Array)
#15 /home4/livekhv2/public_html/vendor/laravel/framework/src/Illuminate/View/View.php(209): Livewire\\Mechanisms\\ExtendBlade\\ExtendedCompilerEngine->get('/home4/livekhv2...', Array)
#16 /home4/livekhv2/public_html/vendor/laravel/framework/src/Illuminate/View/View.php(192): Illuminate\\View\\View->getContents()
#17 /home4/livekhv2/public_html/vendor/laravel/framework/src/Illuminate/View/View.php(161): Illuminate\\View\\View->renderContents()
#18 /home4/livekhv2/public_html/storage/framework/views/0bbfefac8d5665b8324be88778b4eaaa.php(1): Illuminate\\View\\View->render()
#19 /home4/livekhv2/public_html/vendor/laravel/framework/src/Illuminate/Filesystem/Filesystem.php(123): require('/home4/livekhv2...')
#20 /home4/livekhv2/public_html/vendor/laravel/framework/src/Illuminate/Filesystem/Filesystem.php(124): Illuminate\\Filesystem\\Filesystem::Illuminate\\Filesystem\\{closure}()
#21 /home4/livekhv2/public_html/vendor/laravel/framework/src/Illuminate/View/Engines/PhpEngine.php(58): Illuminate\\Filesystem\\Filesystem->getRequire('/home4/livekhv2...', Array)
#22 /home4/livekhv2/public_html/vendor/livewire/livewire/src/Mechanisms/ExtendBlade/ExtendedCompilerEngine.php(22): Illuminate\\View\\Engines\\PhpEngine->evaluatePath('/home4/livekhv2...', Array)
#23 /home4/livekhv2/public_html/vendor/laravel/framework/src/Illuminate/View/Engines/CompilerEngine.php(75): Livewire\\Mechanisms\\ExtendBlade\\ExtendedCompilerEngine->evaluatePath('/home4/livekhv2...', Array)
#24 /home4/livekhv2/public_html/vendor/livewire/livewire/src/Mechanisms/ExtendBlade/ExtendedCompilerEngine.php(10): Illuminate\\View\\Engines\\CompilerEngine->get('/home4/livekhv2...', Array)
#25 /home4/livekhv2/public_html/vendor/laravel/framework/src/Illuminate/View/View.php(209): Livewire\\Mechanisms\\ExtendBlade\\ExtendedCompilerEngine->get('/home4/livekhv2...', Array)
#26 /home4/livekhv2/public_html/vendor/laravel/framework/src/Illuminate/View/View.php(192): Illuminate\\View\\View->getContents()
#27 /home4/livekhv2/public_html/vendor/laravel/framework/src/Illuminate/View/View.php(161): Illuminate\\View\\View->renderContents()
#28 /home4/livekhv2/public_html/vendor/laravel/framework/src/Illuminate/Http/Response.php(79): Illuminate\\View\\View->render()
#29 /home4/livekhv2/public_html/vendor/laravel/framework/src/Illuminate/Http/Response.php(35): Illuminate\\Http\\Response->setContent(Object(Illuminate\\View\\View))
#30 /home4/livekhv2/public_html/vendor/laravel/framework/src/Illuminate/Routing/ResponseFactory.php(58): Illuminate\\Http\\Response->__construct(Object(Illuminate\\View\\View), 500, Array)
#31 /home4/livekhv2/public_html/vendor/laravel/framework/src/Illuminate/Routing/ResponseFactory.php(88): Illuminate\\Routing\\ResponseFactory->make(Object(Illuminate\\View\\View), 500, Array)
#32 /home4/livekhv2/public_html/vendor/laravel/framework/src/Illuminate/Foundation/Exceptions/Handler.php(894): Illuminate\\Routing\\ResponseFactory->view('errors::500', Array, 500, Array)
#33 /home4/livekhv2/public_html/vendor/laravel/framework/src/Illuminate/Foundation/Exceptions/Handler.php(815): Illuminate\\Foundation\\Exceptions\\Handler->renderHttpException(Object(Symfony\\Component\\HttpKernel\\Exception\\HttpException))
#34 /home4/livekhv2/public_html/vendor/laravel/framework/src/Illuminate/Foundation/Exceptions/Handler.php(706): Illuminate\\Foundation\\Exceptions\\Handler->prepareResponse(Object(Illuminate\\Http\\Request), Object(Symfony\\Component\\HttpKernel\\Exception\\HttpException))
#35 /home4/livekhv2/public_html/vendor/laravel/framework/src/Illuminate/Foundation/Exceptions/Handler.php(594): Illuminate\\Foundation\\Exceptions\\Handler->renderExceptionResponse(Object(Illuminate\\Http\\Request), Object(Illuminate\\Encryption\\MissingAppKeyException))
#36 /home4/livekhv2/public_html/vendor/laravel/framework/src/Illuminate/Routing/Pipeline.php(51): Illuminate\\Foundation\\Exceptions\\Handler->render(Object(Illuminate\\Http\\Request), Object(Illuminate\\Encryption\\MissingAppKeyException))
#37 /home4/livekhv2/public_html/vendor/laravel/framework/src/Illuminate/Pipeline/Pipeline.php(188): Illuminate\\Routing\\Pipeline->handleException(Object(Illuminate\\Http\\Request), Object(Illuminate\\Encryption\\MissingAppKeyException))
#38 /home4/livekhv2/public_html/vendor/laravel/framework/src/Illuminate/Pipeline/Pipeline.php(119): Illuminate\\Pipeline\\Pipeline->Illuminate\\Pipeline\\{closure}(Object(Illuminate\\Http\\Request))
#39 /home4/livekhv2/public_html/vendor/laravel/framework/src/Illuminate/Routing/Router.php(807): Illuminate\\Pipeline\\Pipeline->then(Object(Closure))
#40 /home4/livekhv2/public_html/vendor/laravel/framework/src/Illuminate/Routing/Router.php(786): Illuminate\\Routing\\Router->runRouteWithinStack(Object(Illuminate\\Routing\\Route), Object(Illuminate\\Http\\Request))
#41 /home4/livekhv2/public_html/vendor/laravel/framework/src/Illuminate/Routing/Router.php(750): Illuminate\\Routing\\Router->runRoute(Object(Illuminate\\Http\\Request), Object(Illuminate\\Routing\\Route))
#42 /home4/livekhv2/public_html/vendor/laravel/framework/src/Illuminate/Routing/Router.php(739): Illuminate\\Routing\\Router->dispatchToRoute(Object(Illuminate\\Http\\Request))
#43 /home4/livekhv2/public_html/vendor/laravel/framework/src/Illuminate/Foundation/Http/Kernel.php(201): Illuminate\\Routing\\Router->dispatch(Object(Illuminate\\Http\\Request))
#44 /home4/livekhv2/public_html/vendor/laravel/framework/src/Illuminate/Pipeline/Pipeline.php(144): Illuminate\\Foundation\\Http\\Kernel->Illuminate\\Foundation\\Http\\{closure}(Object(Illuminate\\Http\\Request))
#45 /home4/livekhv2/public_html/vendor/livewire/livewire/src/Features/SupportDisablingBackButtonCache/DisableBackButtonCacheMiddleware.php(19): Illuminate\\Pipeline\\Pipeline->Illuminate\\Pipeline\\{closure}(Object(Illuminate\\Http\\Request))
#46 /home4/livekhv2/public_html/vendor/laravel/framework/src/Illuminate/Pipeline/Pipeline.php(183): Livewire\\Features\\SupportDisablingBackButtonCache\\DisableBackButtonCacheMiddleware->handle(Object(Illuminate\\Http\\Request), Object(Closure))
#47 /home4/livekhv2/public_html/vendor/laravel/framework/src/Illuminate/Foundation/Http/Middleware/TransformsRequest.php(21): Illuminate\\Pipeline\\Pipeline->Illuminate\\Pipeline\\{closure}(Object(Illuminate\\Http\\Request))
#48 /home4/livekhv2/public_html/vendor/laravel/framework/src/Illuminate/Foundation/Http/Middleware/ConvertEmptyStringsToNull.php(31): Illuminate\\Foundation\\Http\\Middleware\\TransformsRequest->handle(Object(Illuminate\\Http\\Request), Object(Closure))
#49 /home4/livekhv2/public_html/vendor/laravel/framework/src/Illuminate/Pipeline/Pipeline.php(183): Illuminate\\Foundation\\Http\\Middleware\\ConvertEmptyStringsToNull->handle(Object(Illuminate\\Http\\Request), Object(Closure))
#50 /home4/livekhv2/public_html/vendor/laravel/framework/src/Illuminate/Foundation/Http/Middleware/TransformsRequest.php(21): Illuminate\\Pipeline\\Pipeline->Illuminate\\Pipeline\\{closure}(Object(Illuminate\\Http\\Request))
#51 /home4/livekhv2/public_html/vendor/laravel/framework/src/Illuminate/Foundation/Http/Middleware/TrimStrings.php(51): Illuminate\\Foundation\\Http\\Middleware\\TransformsRequest->handle(Object(Illuminate\\Http\\Request), Object(Closure))
#52 /home4/livekhv2/public_html/vendor/laravel/framework/src/Illuminate/Pipeline/Pipeline.php(183): Illuminate\\Foundation\\Http\\Middleware\\TrimStrings->handle(Object(Illuminate\\Http\\Request), Object(Closure))
#53 /home4/livekhv2/public_html/vendor/laravel/framework/src/Illuminate/Http/Middleware/ValidatePostSize.php(27): Illuminate\\Pipeline\\Pipeline->Illuminate\\Pipeline\\{closure}(Object(Illuminate\\Http\\Request))
#54 /home4/livekhv2/public_html/vendor/laravel/framework/src/Illuminate/Pipeline/Pipeline.php(183): Illuminate\\Http\\Middleware\\ValidatePostSize->handle(Object(Illuminate\\Http\\Request), Object(Closure))
#55 /home4/livekhv2/public_html/vendor/laravel/framework/src/Illuminate/Foundation/Http/Middleware/PreventRequestsDuringMaintenance.php(110): Illuminate\\Pipeline\\Pipeline->Illuminate\\Pipeline\\{closure}(Object(Illuminate\\Http\\Request))
#56 /home4/livekhv2/public_html/vendor/laravel/framework/src/Illuminate/Pipeline/Pipeline.php(183): Illuminate\\Foundation\\Http\\Middleware\\PreventRequestsDuringMaintenance->handle(Object(Illuminate\\Http\\Request), Object(Closure))
#57 /home4/livekhv2/public_html/vendor/laravel/framework/src/Illuminate/Http/Middleware/HandleCors.php(49): Illuminate\\Pipeline\\Pipeline->Illuminate\\Pipeline\\{closure}(Object(Illuminate\\Http\\Request))
#58 /home4/livekhv2/public_html/vendor/laravel/framework/src/Illuminate/Pipeline/Pipeline.php(183): Illuminate\\Http\\Middleware\\HandleCors->handle(Object(Illuminate\\Http\\Request), Object(Closure))
#59 /home4/livekhv2/public_html/vendor/laravel/framework/src/Illuminate/Http/Middleware/TrustProxies.php(58): Illuminate\\Pipeline\\Pipeline->Illuminate\\Pipeline\\{closure}(Object(Illuminate\\Http\\Request))
#60 /home4/livekhv2/public_html/vendor/laravel/framework/src/Illuminate/Pipeline/Pipeline.php(183): Illuminate\\Http\\Middleware\\TrustProxies->handle(Object(Illuminate\\Http\\Request), Object(Closure))
#61 /home4/livekhv2/public_html/vendor/laravel/framework/src/Illuminate/Pipeline/Pipeline.php(119): Illuminate\\Pipeline\\Pipeline->Illuminate\\Pipeline\\{closure}(Object(Illuminate\\Http\\Request))
#62 /home4/livekhv2/public_html/vendor/laravel/framework/src/Illuminate/Foundation/Http/Kernel.php(176): Illuminate\\Pipeline\\Pipeline->then(Object(Closure))
#63 /home4/livekhv2/public_html/vendor/laravel/framework/src/Illuminate/Foundation/Http/Kernel.php(145): Illuminate\\Foundation\\Http\\Kernel->sendRequestThroughRouter(Object(Illuminate\\Http\\Request))
#64 /home4/livekhv2/public_html/index.php(51): Illuminate\\Foundation\\Http\\Kernel->handle(Object(Illuminate\\Http\\Request))
#65 {main}

[previous exception] [object] (ErrorException(code: 0): Attempt to read property \"favicon_driver\" on null at /home4/livekhv2/public_html/storage/framework/views/9c0a7a1dc92d0624890d37a42eb7b6ae.php:9)
[stacktrace]
#0 /home4/livekhv2/public_html/vendor/laravel/framework/src/Illuminate/Foundation/Bootstrap/HandleExceptions.php(290): Illuminate\\Foundation\\Bootstrap\\HandleExceptions->handleError(2, 'Attempt to read...', '/home4/livekhv2...', 9)
#1 /home4/livekhv2/public_html/storage/framework/views/9c0a7a1dc92d0624890d37a42eb7b6ae.php(9): Illuminate\\Foundation\\Bootstrap\\HandleExceptions->Illuminate\\Foundation\\Bootstrap\\{closure}(2, 'Attempt to read...', '/home4/livekhv2...', 9)
#2 /home4/livekhv2/public_html/vendor/laravel/framework/src/Illuminate/Filesystem/Filesystem.php(123): require('/home4/livekhv2...')
#3 /home4/livekhv2/public_html/vendor/laravel/framework/src/Illuminate/Filesystem/Filesystem.php(124): Illuminate\\Filesystem\\Filesystem::Illuminate\\Filesystem\\{closure}()
#4 /home4/livekhv2/public_html/vendor/laravel/framework/src/Illuminate/View/Engines/PhpEngine.php(58): Illuminate\\Filesystem\\Filesystem->getRequire('/home4/livekhv2...', Array)
#5 /home4/livekhv2/public_html/vendor/livewire/livewire/src/Mechanisms/ExtendBlade/ExtendedCompilerEngine.php(22): Illuminate\\View\\Engines\\PhpEngine->evaluatePath('/home4/livekhv2...', Array)
#6 /home4/livekhv2/public_html/vendor/laravel/framework/src/Illuminate/View/Engines/CompilerEngine.php(75): Livewire\\Mechanisms\\ExtendBlade\\ExtendedCompilerEngine->evaluatePath('/home4/livekhv2...', Array)
#7 /home4/livekhv2/public_html/vendor/livewire/livewire/src/Mechanisms/ExtendBlade/ExtendedCompilerEngine.php(10): Illuminate\\View\\Engines\\CompilerEngine->get('/home4/livekhv2...', Array)
#8 /home4/livekhv2/public_html/vendor/laravel/framework/src/Illuminate/View/View.php(209): Livewire\\Mechanisms\\ExtendBlade\\ExtendedCompilerEngine->get('/home4/livekhv2...', Array)
#9 /home4/livekhv2/public_html/vendor/laravel/framework/src/Illuminate/View/View.php(192): Illuminate\\View\\View->getContents()
#10 /home4/livekhv2/public_html/vendor/laravel/framework/src/Illuminate/View/View.php(161): Illuminate\\View\\View->renderContents()
#11 /home4/livekhv2/public_html/storage/framework/views/a3dd9474e30a9104345c46b13f6a01cb.php(6): Illuminate\\View\\View->render()
#12 /home4/livekhv2/public_html/vendor/laravel/framework/src/Illuminate/Filesystem/Filesystem.php(123): require('/home4/livekhv2...')
#13 /home4/livekhv2/public_html/vendor/laravel/framework/src/Illuminate/Filesystem/Filesystem.php(124): Illuminate\\Filesystem\\Filesystem::Illuminate\\Filesystem\\{closure}()
#14 /home4/livekhv2/public_html/vendor/laravel/framework/src/Illuminate/View/Engines/PhpEngine.php(58): Illuminate\\Filesystem\\Filesystem->getRequire('/home4/livekhv2...', Array)
#15 /home4/livekhv2/public_html/vendor/livewire/livewire/src/Mechanisms/ExtendBlade/ExtendedCompilerEngine.php(22): Illuminate\\View\\Engines\\PhpEngine->evaluatePath('/home4/livekhv2...', Array)
#16 /home4/livekhv2/public_html/vendor/laravel/framework/src/Illuminate/View/Engines/CompilerEngine.php(75): Livewire\\Mechanisms\\ExtendBlade\\ExtendedCompilerEngine->evaluatePath('/home4/livekhv2...', Array)
#17 /home4/livekhv2/public_html/vendor/livewire/livewire/src/Mechanisms/ExtendBlade/ExtendedCompilerEngine.php(10): Illuminate\\View\\Engines\\CompilerEngine->get('/home4/livekhv2...', Array)
#18 /home4/livekhv2/public_html/vendor/laravel/framework/src/Illuminate/View/View.php(209): Livewire\\Mechanisms\\ExtendBlade\\ExtendedCompilerEngine->get('/home4/livekhv2...', Array)
#19 /home4/livekhv2/public_html/vendor/laravel/framework/src/Illuminate/View/View.php(192): Illuminate\\View\\View->getContents()
#20 /home4/livekhv2/public_html/vendor/laravel/framework/src/Illuminate/View/View.php(161): Illuminate\\View\\View->renderContents()
#21 /home4/livekhv2/public_html/storage/framework/views/0bbfefac8d5665b8324be88778b4eaaa.php(1): Illuminate\\View\\View->render()
#22 /home4/livekhv2/public_html/vendor/laravel/framework/src/Illuminate/Filesystem/Filesystem.php(123): require('/home4/livekhv2...')
#23 /home4/livekhv2/public_html/vendor/laravel/framework/src/Illuminate/Filesystem/Filesystem.php(124): Illuminate\\Filesystem\\Filesystem::Illuminate\\Filesystem\\{closure}()
#24 /home4/livekhv2/public_html/vendor/laravel/framework/src/Illuminate/View/Engines/PhpEngine.php(58): Illuminate\\Filesystem\\Filesystem->getRequire('/home4/livekhv2...', Array)
#25 /home4/livekhv2/public_html/vendor/livewire/livewire/src/Mechanisms/ExtendBlade/ExtendedCompilerEngine.php(22): Illuminate\\View\\Engines\\PhpEngine->evaluatePath('/home4/livekhv2...', Array)
#26 /home4/livekhv2/public_html/vendor/laravel/framework/src/Illuminate/View/Engines/CompilerEngine.php(75): Livewire\\Mechanisms\\ExtendBlade\\ExtendedCompilerEngine->evaluatePath('/home4/livekhv2...', Array)
#27 /home4/livekhv2/public_html/vendor/livewire/livewire/src/Mechanisms/ExtendBlade/ExtendedCompilerEngine.php(10): Illuminate\\View\\Engines\\CompilerEngine->get('/home4/livekhv2...', Array)
#28 /home4/livekhv2/public_html/vendor/laravel/framework/src/Illuminate/View/View.php(209): Livewire\\Mechanisms\\ExtendBlade\\ExtendedCompilerEngine->get('/home4/livekhv2...', Array)
#29 /home4/livekhv2/public_html/vendor/laravel/framework/src/Illuminate/View/View.php(192): Illuminate\\View\\View->getContents()
#30 /home4/livekhv2/public_html/vendor/laravel/framework/src/Illuminate/View/View.php(161): Illuminate\\View\\View->renderContents()
#31 /home4/livekhv2/public_html/vendor/laravel/framework/src/Illuminate/Http/Response.php(79): Illuminate\\View\\View->render()
#32 /home4/livekhv2/public_html/vendor/laravel/framework/src/Illuminate/Http/Response.php(35): Illuminate\\Http\\Response->setContent(Object(Illuminate\\View\\View))
#33 /home4/livekhv2/public_html/vendor/laravel/framework/src/Illuminate/Routing/ResponseFactory.php(58): Illuminate\\Http\\Response->__construct(Object(Illuminate\\View\\View), 500, Array)
#34 /home4/livekhv2/public_html/vendor/laravel/framework/src/Illuminate/Routing/ResponseFactory.php(88): Illuminate\\Routing\\ResponseFactory->make(Object(Illuminate\\View\\View), 500, Array)
#35 /home4/livekhv2/public_html/vendor/laravel/framework/src/Illuminate/Foundation/Exceptions/Handler.php(894): Illuminate\\Routing\\ResponseFactory->view('errors::500', Array, 500, Array)
#36 /home4/livekhv2/public_html/vendor/laravel/framework/src/Illuminate/Foundation/Exceptions/Handler.php(815): Illuminate\\Foundation\\Exceptions\\Handler->renderHttpException(Object(Symfony\\Component\\HttpKernel\\Exception\\HttpException))
#37 /home4/livekhv2/public_html/vendor/laravel/framework/src/Illuminate/Foundation/Exceptions/Handler.php(706): Illuminate\\Foundation\\Exceptions\\Handler->prepareResponse(Object(Illuminate\\Http\\Request), Object(Symfony\\Component\\HttpKernel\\Exception\\HttpException))
#38 /home4/livekhv2/public_html/vendor/laravel/framework/src/Illuminate/Foundation/Exceptions/Handler.php(594): Illuminate\\Foundation\\Exceptions\\Handler->renderExceptionResponse(Object(Illuminate\\Http\\Request), Object(Illuminate\\Encryption\\MissingAppKeyException))
#39 /home4/livekhv2/public_html/vendor/laravel/framework/src/Illuminate/Routing/Pipeline.php(51): Illuminate\\Foundation\\Exceptions\\Handler->render(Object(Illuminate\\Http\\Request), Object(Illuminate\\Encryption\\MissingAppKeyException))
#40 /home4/livekhv2/public_html/vendor/laravel/framework/src/Illuminate/Pipeline/Pipeline.php(188): Illuminate\\Routing\\Pipeline->handleException(Object(Illuminate\\Http\\Request), Object(Illuminate\\Encryption\\MissingAppKeyException))
#41 /home4/livekhv2/public_html/vendor/laravel/framework/src/Illuminate/Pipeline/Pipeline.php(119): Illuminate\\Pipeline\\Pipeline->Illuminate\\Pipeline\\{closure}(Object(Illuminate\\Http\\Request))
#42 /home4/livekhv2/public_html/vendor/laravel/framework/src/Illuminate/Routing/Router.php(807): Illuminate\\Pipeline\\Pipeline->then(Object(Closure))
#43 /home4/livekhv2/public_html/vendor/laravel/framework/src/Illuminate/Routing/Router.php(786): Illuminate\\Routing\\Router->runRouteWithinStack(Object(Illuminate\\Routing\\Route), Object(Illuminate\\Http\\Request))
#44 /home4/livekhv2/public_html/vendor/laravel/framework/src/Illuminate/Routing/Router.php(750): Illuminate\\Routing\\Router->runRoute(Object(Illuminate\\Http\\Request), Object(Illuminate\\Routing\\Route))
#45 /home4/livekhv2/public_html/vendor/laravel/framework/src/Illuminate/Routing/Router.php(739): Illuminate\\Routing\\Router->dispatchToRoute(Object(Illuminate\\Http\\Request))
#46 /home4/livekhv2/public_html/vendor/laravel/framework/src/Illuminate/Foundation/Http/Kernel.php(201): Illuminate\\Routing\\Router->dispatch(Object(Illuminate\\Http\\Request))
#47 /home4/livekhv2/public_html/vendor/laravel/framework/src/Illuminate/Pipeline/Pipeline.php(144): Illuminate\\Foundation\\Http\\Kernel->Illuminate\\Foundation\\Http\\{closure}(Object(Illuminate\\Http\\Request))
#48 /home4/livekhv2/public_html/vendor/livewire/livewire/src/Features/SupportDisablingBackButtonCache/DisableBackButtonCacheMiddleware.php(19): Illuminate\\Pipeline\\Pipeline->Illuminate\\Pipeline\\{closure}(Object(Illuminate\\Http\\Request))
#49 /home4/livekhv2/public_html/vendor/laravel/framework/src/Illuminate/Pipeline/Pipeline.php(183): Livewire\\Features\\SupportDisablingBackButtonCache\\DisableBackButtonCacheMiddleware->handle(Object(Illuminate\\Http\\Request), Object(Closure))
#50 /home4/livekhv2/public_html/vendor/laravel/framework/src/Illuminate/Foundation/Http/Middleware/TransformsRequest.php(21): Illuminate\\Pipeline\\Pipeline->Illuminate\\Pipeline\\{closure}(Object(Illuminate\\Http\\Request))
#51 /home4/livekhv2/public_html/vendor/laravel/framework/src/Illuminate/Foundation/Http/Middleware/ConvertEmptyStringsToNull.php(31): Illuminate\\Foundation\\Http\\Middleware\\TransformsRequest->handle(Object(Illuminate\\Http\\Request), Object(Closure))
#52 /home4/livekhv2/public_html/vendor/laravel/framework/src/Illuminate/Pipeline/Pipeline.php(183): Illuminate\\Foundation\\Http\\Middleware\\ConvertEmptyStringsToNull->handle(Object(Illuminate\\Http\\Request), Object(Closure))
#53 /home4/livekhv2/public_html/vendor/laravel/framework/src/Illuminate/Foundation/Http/Middleware/TransformsRequest.php(21): Illuminate\\Pipeline\\Pipeline->Illuminate\\Pipeline\\{closure}(Object(Illuminate\\Http\\Request))
#54 /home4/livekhv2/public_html/vendor/laravel/framework/src/Illuminate/Foundation/Http/Middleware/TrimStrings.php(51): Illuminate\\Foundation\\Http\\Middleware\\TransformsRequest->handle(Object(Illuminate\\Http\\Request), Object(Closure))
#55 /home4/livekhv2/public_html/vendor/laravel/framework/src/Illuminate/Pipeline/Pipeline.php(183): Illuminate\\Foundation\\Http\\Middleware\\TrimStrings->handle(Object(Illuminate\\Http\\Request), Object(Closure))
#56 /home4/livekhv2/public_html/vendor/laravel/framework/src/Illuminate/Http/Middleware/ValidatePostSize.php(27): Illuminate\\Pipeline\\Pipeline->Illuminate\\Pipeline\\{closure}(Object(Illuminate\\Http\\Request))
#57 /home4/livekhv2/public_html/vendor/laravel/framework/src/Illuminate/Pipeline/Pipeline.php(183): Illuminate\\Http\\Middleware\\ValidatePostSize->handle(Object(Illuminate\\Http\\Request), Object(Closure))
#58 /home4/livekhv2/public_html/vendor/laravel/framework/src/Illuminate/Foundation/Http/Middleware/PreventRequestsDuringMaintenance.php(110): Illuminate\\Pipeline\\Pipeline->Illuminate\\Pipeline\\{closure}(Object(Illuminate\\Http\\Request))
#59 /home4/livekhv2/public_html/vendor/laravel/framework/src/Illuminate/Pipeline/Pipeline.php(183): Illuminate\\Foundation\\Http\\Middleware\\PreventRequestsDuringMaintenance->handle(Object(Illuminate\\Http\\Request), Object(Closure))
#60 /home4/livekhv2/public_html/vendor/laravel/framework/src/Illuminate/Http/Middleware/HandleCors.php(49): Illuminate\\Pipeline\\Pipeline->Illuminate\\Pipeline\\{closure}(Object(Illuminate\\Http\\Request))
#61 /home4/livekhv2/public_html/vendor/laravel/framework/src/Illuminate/Pipeline/Pipeline.php(183): Illuminate\\Http\\Middleware\\HandleCors->handle(Object(Illuminate\\Http\\Request), Object(Closure))
#62 /home4/livekhv2/public_html/vendor/laravel/framework/src/Illuminate/Http/Middleware/TrustProxies.php(58): Illuminate\\Pipeline\\Pipeline->Illuminate\\Pipeline\\{closure}(Object(Illuminate\\Http\\Request))
#63 /home4/livekhv2/public_html/vendor/laravel/framework/src/Illuminate/Pipeline/Pipeline.php(183): Illuminate\\Http\\Middleware\\TrustProxies->handle(Object(Illuminate\\Http\\Request), Object(Closure))
#64 /home4/livekhv2/public_html/vendor/laravel/framework/src/Illuminate/Pipeline/Pipeline.php(119): Illuminate\\Pipeline\\Pipeline->Illuminate\\Pipeline\\{closure}(Object(Illuminate\\Http\\Request))
#65 /home4/livekhv2/public_html/vendor/laravel/framework/src/Illuminate/Foundation/Http/Kernel.php(176): Illuminate\\Pipeline\\Pipeline->then(Object(Closure))
#66 /home4/livekhv2/public_html/vendor/laravel/framework/src/Illuminate/Foundation/Http/Kernel.php(145): Illuminate\\Foundation\\Http\\Kernel->sendRequestThroughRouter(Object(Illuminate\\Http\\Request))
#67 /home4/livekhv2/public_html/index.php(51): Illuminate\\Foundation\\Http\\Kernel->handle(Object(Illuminate\\Http\\Request))
#68 {main}
"} 
[2026-06-18 13:35:18] production.ERROR: No application encryption key has been specified. {"exception":"[object] (Illuminate\\Encryption\\MissingAppKeyException(code: 0): No application encryption key has been specified. at /home4/livekhv2/public_html/vendor/laravel/framework/src/Illuminate/Encryption/EncryptionServiceProvider.php:83)
[stacktrace]
#0 /home4/livekhv2/public_html/vendor/laravel/framework/src/Illuminate/Support/helpers.php(399): Illuminate\\Encryption\\EncryptionServiceProvider->Illuminate\\Encryption\\{closure}(NULL)
#1 /home4/livekhv2/public_html/vendor/laravel/framework/src/Illuminate/Encryption/EncryptionServiceProvider.php(81): tap(NULL, Object(Closure))
#2 /home4/livekhv2/public_html/vendor/laravel/framework/src/Illuminate/Encryption/EncryptionServiceProvider.php(64): Illuminate\\Encryption\\EncryptionServiceProvider->key(Array)
#3 /home4/livekhv2/public_html/vendor/laravel/framework/src/Illuminate/Encryption/EncryptionServiceProvider.php(32): Illuminate\\Encryption\\EncryptionServiceProvider->parseKey(Array)
#4 /home4/livekhv2/public_html/vendor/laravel/framework/src/Illuminate/Container/Container.php(937): Illuminate\\Encryption\\EncryptionServiceProvider->Illuminate\\Encryption\\{closure}(Object(Illuminate\\Foundation\\Application), Array)
#5 /home4/livekhv2/public_html/vendor/laravel/framework/src/Illuminate/Container/Container.php(819): Illuminate\\Container\\Container->build(Object(Closure))
#6 /home4/livekhv2/public_html/vendor/laravel/framework/src/Illuminate/Foundation/Application.php(1048): Illuminate\\Container\\Container->resolve('encrypter', Array, true)
#7 /home4/livekhv2/public_html/vendor/laravel/framework/src/Illuminate/Container/Container.php(755): Illuminate\\Foundation\\Application->resolve('encrypter', Array)
#8 /home4/livekhv2/public_html/vendor/laravel/framework/src/Illuminate/Foundation/Application.php(1030): Illuminate\\Container\\Container->make('encrypter', Array)
#9 /home4/livekhv2/public_html/vendor/laravel/framework/src/Illuminate/Container/Container.php(1118): Illuminate\\Foundation\\Application->make('encrypter')
#10 /home4/livekhv2/public_html/vendor/laravel/framework/src/Illuminate/Container/Container.php(1028): Illuminate\\Container\\Container->resolveClass(Object(ReflectionParameter))
#11 /home4/livekhv2/public_html/vendor/laravel/framework/src/Illuminate/Container/Container.php(979): Illuminate\\Container\\Container->resolveDependencies(Array)
#12 /home4/livekhv2/public_html/vendor/laravel/framework/src/Illuminate/Container/Container.php(819): Illuminate\\Container\\Container->build('App\\\\Http\\\\Middle...')
#13 /home4/livekhv2/public_html/vendor/laravel/framework/src/Illuminate/Foundation/Application.php(1048): Illuminate\\Container\\Container->resolve('App\\\\Http\\\\Middle...', Array, true)
#14 /home4/livekhv2/public_html/vendor/laravel/framework/src/Illuminate/Container/Container.php(755): Illuminate\\Foundation\\Application->resolve('App\\\\Http\\\\Middle...', Array)
#15 /home4/livekhv2/public_html/vendor/laravel/framework/src/Illuminate/Foundation/Application.php(1030): Illuminate\\Container\\Container->make('App\\\\Http\\\\Middle...', Array)
#16 /home4/livekhv2/public_html/vendor/laravel/framework/src/Illuminate/Foundation/Http/Kernel.php(258): Illuminate\\Foundation\\Application->make('App\\\\Http\\\\Middle...')
#17 /home4/livekhv2/public_html/vendor/laravel/framework/src/Illuminate/Foundation/Http/Kernel.php(216): Illuminate\\Foundation\\Http\\Kernel->terminateMiddleware(Object(Illuminate\\Http\\Request), Object(Illuminate\\Http\\Response))
#18 /home4/livekhv2/public_html/index.php(55): Illuminate\\Foundation\\Http\\Kernel->terminate(Object(Illuminate\\Http\\Request), Object(Illuminate\\Http\\Response))
#19 {main}
"} 
[2026-06-18 13:35:18] production.ERROR: Attempt to read property "favicon_driver" on null (View: /home4/livekhv2/public_html/resources/views/layouts/error.blade.php) (View: /home4/livekhv2/public_html/resources/views/layouts/error.blade.php) (View: /home4/livekhv2/public_html/resources/views/layouts/error.blade.php) {"exception":"[object] (Illuminate\\View\\ViewException(code: 0): Attempt to read property \"favicon_driver\" on null (View: /home4/livekhv2/public_html/resources/views/layouts/error.blade.php) (View: /home4/livekhv2/public_html/resources/views/layouts/error.blade.php) (View: /home4/livekhv2/public_html/resources/views/layouts/error.blade.php) at /home4/livekhv2/public_html/storage/framework/views/9c0a7a1dc92d0624890d37a42eb7b6ae.php:9)
[stacktrace]
#0 /home4/livekhv2/public_html/vendor/livewire/livewire/src/Mechanisms/ExtendBlade/ExtendedCompilerEngine.php(58): Illuminate\\View\\Engines\\CompilerEngine->handleViewException(Object(Illuminate\\View\\ViewException), 0)
#1 /home4/livekhv2/public_html/vendor/laravel/framework/src/Illuminate/View/Engines/PhpEngine.php(60): Livewire\\Mechanisms\\ExtendBlade\\ExtendedCompilerEngine->handleViewException(Object(Illuminate\\View\\ViewException), 0)
#2 /home4/livekhv2/public_html/vendor/livewire/livewire/src/Mechanisms/ExtendBlade/ExtendedCompilerEngine.php(22): Illuminate\\View\\Engines\\PhpEngine->evaluatePath('/home4/livekhv2...', Array)
#3 /home4/livekhv2/public_html/vendor/laravel/framework/src/Illuminate/View/Engines/CompilerEngine.php(75): Livewire\\Mechanisms\\ExtendBlade\\ExtendedCompilerEngine->evaluatePath('/home4/livekhv2...', Array)
#4 /home4/livekhv2/public_html/vendor/livewire/livewire/src/Mechanisms/ExtendBlade/ExtendedCompilerEngine.php(10): Illuminate\\View\\Engines\\CompilerEngine->get('/home4/livekhv2...', Array)
#5 /home4/livekhv2/public_html/vendor/laravel/framework/src/Illuminate/View/View.php(209): Livewire\\Mechanisms\\ExtendBlade\\ExtendedCompilerEngine->get('/home4/livekhv2...', Array)
#6 /home4/livekhv2/public_html/vendor/laravel/framework/src/Illuminate/View/View.php(192): Illuminate\\View\\View->getContents()
#7 /home4/livekhv2/public_html/vendor/laravel/framework/src/Illuminate/View/View.php(161): Illuminate\\View\\View->renderContents()
#8 /home4/livekhv2/public_html/vendor/laravel/framework/src/Illuminate/Http/Response.php(79): Illuminate\\View\\View->render()
#9 /home4/livekhv2/public_html/vendor/laravel/framework/src/Illuminate/Http/Response.php(35): Illuminate\\Http\\Response->setContent(Object(Illuminate\\View\\View))
#10 /home4/livekhv2/public_html/vendor/laravel/framework/src/Illuminate/Routing/ResponseFactory.php(58): Illuminate\\Http\\Response->__construct(Object(Illuminate\\View\\View), 500, Array)
#11 /home4/livekhv2/public_html/vendor/laravel/framework/src/Illuminate/Routing/ResponseFactory.php(88): Illuminate\\Routing\\ResponseFactory->make(Object(Illuminate\\View\\View), 500, Array)
#12 /home4/livekhv2/public_html/vendor/laravel/framework/src/Illuminate/Foundation/Exceptions/Handler.php(894): Illuminate\\Routing\\ResponseFactory->view('errors::500', Array, 500, Array)
#13 /home4/livekhv2/public_html/vendor/laravel/framework/src/Illuminate/Foundation/Exceptions/Handler.php(815): Illuminate\\Foundation\\Exceptions\\Handler->renderHttpException(Object(Symfony\\Component\\HttpKernel\\Exception\\HttpException))
#14 /home4/livekhv2/public_html/vendor/laravel/framework/src/Illuminate/Foundation/Exceptions/Handler.php(706): Illuminate\\Foundation\\Exceptions\\Handler->prepareResponse(Object(Illuminate\\Http\\Request), Object(Symfony\\Component\\HttpKernel\\Exception\\HttpException))
#15 /home4/livekhv2/public_html/vendor/laravel/framework/src/Illuminate/Foundation/Exceptions/Handler.php(594): Illuminate\\Foundation\\Exceptions\\Handler->renderExceptionResponse(Object(Illuminate\\Http\\Request), Object(Illuminate\\Encryption\\MissingAppKeyException))
#16 /home4/livekhv2/public_html/vendor/laravel/framework/src/Illuminate/Foundation/Bootstrap/HandleExceptions.php(225): Illuminate\\Foundation\\Exceptions\\Handler->render(Object(Illuminate\\Http\\Request), Object(Illuminate\\Encryption\\MissingAppKeyException))
#17 /home4/livekhv2/public_html/vendor/laravel/framework/src/Illuminate/Foundation/Bootstrap/HandleExceptions.php(202): Illuminate\\Foundation\\Bootstrap\\HandleExceptions->renderHttpResponse(Object(Illuminate\\Encryption\\MissingAppKeyException))
#18 /home4/livekhv2/public_html/vendor/laravel/framework/src/Illuminate/Foundation/Bootstrap/HandleExceptions.php(290): Illuminate\\Foundation\\Bootstrap\\HandleExceptions->handleException(Object(Illuminate\\Encryption\\MissingAppKeyException))
#19 [internal function]: Illuminate\\Foundation\\Bootstrap\\HandleExceptions->Illuminate\\Foundation\\Bootstrap\\{closure}(Object(Illuminate\\Encryption\\MissingAppKeyException))
#20 {main}

[previous exception] [object] (Illuminate\\View\\ViewException(code: 0): Attempt to read property \"favicon_driver\" on null (View: /home4/livekhv2/public_html/resources/views/layouts/error.blade.php) (View: /home4/livekhv2/public_html/resources/views/layouts/error.blade.php) at /home4/livekhv2/public_html/storage/framework/views/9c0a7a1dc92d0624890d37a42eb7b6ae.php:9)
[stacktrace]
#0 /home4/livekhv2/public_html/vendor/livewire/livewire/src/Mechanisms/ExtendBlade/ExtendedCompilerEngine.php(58): Illuminate\\View\\Engines\\CompilerEngine->handleViewException(Object(Illuminate\\View\\ViewException), 1)
#1 /home4/livekhv2/public_html/vendor/laravel/framework/src/Illuminate/View/Engines/PhpEngine.php(60): Livewire\\Mechanisms\\ExtendBlade\\ExtendedCompilerEngine->handleViewException(Object(Illuminate\\View\\ViewException), 1)
#2 /home4/livekhv2/public_html/vendor/livewire/livewire/src/Mechanisms/ExtendBlade/ExtendedCompilerEngine.php(22): Illuminate\\View\\Engines\\PhpEngine->evaluatePath('/home4/livekhv2...', Array)
#3 /home4/livekhv2/public_html/vendor/laravel/framework/src/Illuminate/View/Engines/CompilerEngine.php(75): Livewire\\Mechanisms\\ExtendBlade\\ExtendedCompilerEngine->evaluatePath('/home4/livekhv2...', Array)
#4 /home4/livekhv2/public_html/vendor/livewire/livewire/src/Mechanisms/ExtendBlade/ExtendedCompilerEngine.php(10): Illuminate\\View\\Engines\\CompilerEngine->get('/home4/livekhv2...', Array)
#5 /home4/livekhv2/public_html/vendor/laravel/framework/src/Illuminate/View/View.php(209): Livewire\\Mechanisms\\ExtendBlade\\ExtendedCompilerEngine->get('/home4/livekhv2...', Array)
#6 /home4/livekhv2/public_html/vendor/laravel/framework/src/Illuminate/View/View.php(192): Illuminate\\View\\View->getContents()
#7 /home4/livekhv2/public_html/vendor/laravel/framework/src/Illuminate/View/View.php(161): Illuminate\\View\\View->renderContents()
#8 /home4/livekhv2/public_html/storage/framework/views/0bbfefac8d5665b8324be88778b4eaaa.php(1): Illuminate\\View\\View->render()
#9 /home4/livekhv2/public_html/vendor/laravel/framework/src/Illuminate/Filesystem/Filesystem.php(123): require('/home4/livekhv2...')
#10 /home4/livekhv2/public_html/vendor/laravel/framework/src/Illuminate/Filesystem/Filesystem.php(124): Illuminate\\Filesystem\\Filesystem::Illuminate\\Filesystem\\{closure}()
#11 /home4/livekhv2/public_html/vendor/laravel/framework/src/Illuminate/View/Engines/PhpEngine.php(58): Illuminate\\Filesystem\\Filesystem->getRequire('/home4/livekhv2...', Array)
#12 /home4/livekhv2/public_html/vendor/livewire/livewire/src/Mechanisms/ExtendBlade/ExtendedCompilerEngine.php(22): Illuminate\\View\\Engines\\PhpEngine->evaluatePath('/home4/livekhv2...', Array)
#13 /home4/livekhv2/public_html/vendor/laravel/framework/src/Illuminate/View/Engines/CompilerEngine.php(75): Livewire\\Mechanisms\\ExtendBlade\\ExtendedCompilerEngine->evaluatePath('/home4/livekhv2...', Array)
#14 /home4/livekhv2/public_html/vendor/livewire/livewire/src/Mechanisms/ExtendBlade/ExtendedCompilerEngine.php(10): Illuminate\\View\\Engines\\CompilerEngine->get('/home4/livekhv2...', Array)
#15 /home4/livekhv2/public_html/vendor/laravel/framework/src/Illuminate/View/View.php(209): Livewire\\Mechanisms\\ExtendBlade\\ExtendedCompilerEngine->get('/home4/livekhv2...', Array)
#16 /home4/livekhv2/public_html/vendor/laravel/framework/src/Illuminate/View/View.php(192): Illuminate\\View\\View->getContents()
#17 /home4/livekhv2/public_html/vendor/laravel/framework/src/Illuminate/View/View.php(161): Illuminate\\View\\View->renderContents()
#18 /home4/livekhv2/public_html/vendor/laravel/framework/src/Illuminate/Http/Response.php(79): Illuminate\\View\\View->render()
#19 /home4/livekhv2/public_html/vendor/laravel/framework/src/Illuminate/Http/Response.php(35): Illuminate\\Http\\Response->setContent(Object(Illuminate\\View\\View))
#20 /home4/livekhv2/public_html/vendor/laravel/framework/src/Illuminate/Routing/ResponseFactory.php(58): Illuminate\\Http\\Response->__construct(Object(Illuminate\\View\\View), 500, Array)
#21 /home4/livekhv2/public_html/vendor/laravel/framework/src/Illuminate/Routing/ResponseFactory.php(88): Illuminate\\Routing\\ResponseFactory->make(Object(Illuminate\\View\\View), 500, Array)
#22 /home4/livekhv2/public_html/vendor/laravel/framework/src/Illuminate/Foundation/Exceptions/Handler.php(894): Illuminate\\Routing\\ResponseFactory->view('errors::500', Array, 500, Array)
#23 /home4/livekhv2/public_html/vendor/laravel/framework/src/Illuminate/Foundation/Exceptions/Handler.php(815): Illuminate\\Foundation\\Exceptions\\Handler->renderHttpException(Object(Symfony\\Component\\HttpKernel\\Exception\\HttpException))
#24 /home4/livekhv2/public_html/vendor/laravel/framework/src/Illuminate/Foundation/Exceptions/Handler.php(706): Illuminate\\Foundation\\Exceptions\\Handler->prepareResponse(Object(Illuminate\\Http\\Request), Object(Symfony\\Component\\HttpKernel\\Exception\\HttpException))
#25 /home4/livekhv2/public_html/vendor/laravel/framework/src/Illuminate/Foundation/Exceptions/Handler.php(594): Illuminate\\Foundation\\Exceptions\\Handler->renderExceptionResponse(Object(Illuminate\\Http\\Request), Object(Illuminate\\Encryption\\MissingAppKeyException))
#26 /home4/livekhv2/public_html/vendor/laravel/framework/src/Illuminate/Foundation/Bootstrap/HandleExceptions.php(225): Illuminate\\Foundation\\Exceptions\\Handler->render(Object(Illuminate\\Http\\Request), Object(Illuminate\\Encryption\\MissingAppKeyException))
#27 /home4/livekhv2/public_html/vendor/laravel/framework/src/Illuminate/Foundation/Bootstrap/HandleExceptions.php(202): Illuminate\\Foundation\\Bootstrap\\HandleExceptions->renderHttpResponse(Object(Illuminate\\Encryption\\MissingAppKeyException))
#28 /home4/livekhv2/public_html/vendor/laravel/framework/src/Illuminate/Foundation/Bootstrap/HandleExceptions.php(290): Illuminate\\Foundation\\Bootstrap\\HandleExceptions->handleException(Object(Illuminate\\Encryption\\MissingAppKeyException))
#29 [internal function]: Illuminate\\Foundation\\Bootstrap\\HandleExceptions->Illuminate\\Foundation\\Bootstrap\\{closure}(Object(Illuminate\\Encryption\\MissingAppKeyException))
#30 {main}

[previous exception] [object] (Illuminate\\View\\ViewException(code: 0): Attempt to read property \"favicon_driver\" on null (View: /home4/livekhv2/public_html/resources/views/layouts/error.blade.php) at /home4/livekhv2/public_html/storage/framework/views/9c0a7a1dc92d0624890d37a42eb7b6ae.php:9)
[stacktrace]
#0 /home4/livekhv2/public_html/vendor/livewire/livewire/src/Mechanisms/ExtendBlade/ExtendedCompilerEngine.php(58): Illuminate\\View\\Engines\\CompilerEngine->handleViewException(Object(ErrorException), 2)
#1 /home4/livekhv2/public_html/vendor/laravel/framework/src/Illuminate/View/Engines/PhpEngine.php(60): Livewire\\Mechanisms\\ExtendBlade\\ExtendedCompilerEngine->handleViewException(Object(ErrorException), 2)
#2 /home4/livekhv2/public_html/vendor/livewire/livewire/src/Mechanisms/ExtendBlade/ExtendedCompilerEngine.php(22): Illuminate\\View\\Engines\\PhpEngine->evaluatePath('/home4/livekhv2...', Array)
#3 /home4/livekhv2/public_html/vendor/laravel/framework/src/Illuminate/View/Engines/CompilerEngine.php(75): Livewire\\Mechanisms\\ExtendBlade\\ExtendedCompilerEngine->evaluatePath('/home4/livekhv2...', Array)
#4 /home4/livekhv2/public_html/vendor/livewire/livewire/src/Mechanisms/ExtendBlade/ExtendedCompilerEngine.php(10): Illuminate\\View\\Engines\\CompilerEngine->get('/home4/livekhv2...', Array)
#5 /home4/livekhv2/public_html/vendor/laravel/framework/src/Illuminate/View/View.php(209): Livewire\\Mechanisms\\ExtendBlade\\ExtendedCompilerEngine->get('/home4/livekhv2...', Array)
#6 /home4/livekhv2/public_html/vendor/laravel/framework/src/Illuminate/View/View.php(192): Illuminate\\View\\View->getContents()
#7 /home4/livekhv2/public_html/vendor/laravel/framework/src/Illuminate/View/View.php(161): Illuminate\\View\\View->renderContents()
#8 /home4/livekhv2/public_html/storage/framework/views/a3dd9474e30a9104345c46b13f6a01cb.php(6): Illuminate\\View\\View->render()
#9 /home4/livekhv2/public_html/vendor/laravel/framework/src/Illuminate/Filesystem/Filesystem.php(123): require('/home4/livekhv2...')
#10 /home4/livekhv2/public_html/vendor/laravel/framework/src/Illuminate/Filesystem/Filesystem.php(124): Illuminate\\Filesystem\\Filesystem::Illuminate\\Filesystem\\{closure}()
#11 /home4/livekhv2/public_html/vendor/laravel/framework/src/Illuminate/View/Engines/PhpEngine.php(58): Illuminate\\Filesystem\\Filesystem->getRequire('/home4/livekhv2...', Array)
#12 /home4/livekhv2/public_html/vendor/livewire/livewire/src/Mechanisms/ExtendBlade/ExtendedCompilerEngine.php(22): Illuminate\\View\\Engines\\PhpEngine->evaluatePath('/home4/livekhv2...', Array)
#13 /home4/livekhv2/public_html/vendor/laravel/framework/src/Illuminate/View/Engines/CompilerEngine.php(75): Livewire\\Mechanisms\\ExtendBlade\\ExtendedCompilerEngine->evaluatePath('/home4/livekhv2...', Array)
#14 /home4/livekhv2/public_html/vendor/livewire/livewire/src/Mechanisms/ExtendBlade/ExtendedCompilerEngine.php(10): Illuminate\\View\\Engines\\CompilerEngine->get('/home4/livekhv2...', Array)
#15 /home4/livekhv2/public_html/vendor/laravel/framework/src/Illuminate/View/View.php(209): Livewire\\Mechanisms\\ExtendBlade\\ExtendedCompilerEngine->get('/home4/livekhv2...', Array)
#16 /home4/livekhv2/public_html/vendor/laravel/framework/src/Illuminate/View/View.php(192): Illuminate\\View\\View->getContents()
#17 /home4/livekhv2/public_html/vendor/laravel/framework/src/Illuminate/View/View.php(161): Illuminate\\View\\View->renderContents()
#18 /home4/livekhv2/public_html/storage/framework/views/0bbfefac8d5665b8324be88778b4eaaa.php(1): Illuminate\\View\\View->render()
#19 /home4/livekhv2/public_html/vendor/laravel/framework/src/Illuminate/Filesystem/Filesystem.php(123): require('/home4/livekhv2...')
#20 /home4/livekhv2/public_html/vendor/laravel/framework/src/Illuminate/Filesystem/Filesystem.php(124): Illuminate\\Filesystem\\Filesystem::Illuminate\\Filesystem\\{closure}()
#21 /home4/livekhv2/public_html/vendor/laravel/framework/src/Illuminate/View/Engines/PhpEngine.php(58): Illuminate\\Filesystem\\Filesystem->getRequire('/home4/livekhv2...', Array)
#22 /home4/livekhv2/public_html/vendor/livewire/livewire/src/Mechanisms/ExtendBlade/ExtendedCompilerEngine.php(22): Illuminate\\View\\Engines\\PhpEngine->evaluatePath('/home4/livekhv2...', Array)
#23 /home4/livekhv2/public_html/vendor/laravel/framework/src/Illuminate/View/Engines/CompilerEngine.php(75): Livewire\\Mechanisms\\ExtendBlade\\ExtendedCompilerEngine->evaluatePath('/home4/livekhv2...', Array)
#24 /home4/livekhv2/public_html/vendor/livewire/livewire/src/Mechanisms/ExtendBlade/ExtendedCompilerEngine.php(10): Illuminate\\View\\Engines\\CompilerEngine->get('/home4/livekhv2...', Array)
#25 /home4/livekhv2/public_html/vendor/laravel/framework/src/Illuminate/View/View.php(209): Livewire\\Mechanisms\\ExtendBlade\\ExtendedCompilerEngine->get('/home4/livekhv2...', Array)
#26 /home4/livekhv2/public_html/vendor/laravel/framework/src/Illuminate/View/View.php(192): Illuminate\\View\\View->getContents()
#27 /home4/livekhv2/public_html/vendor/laravel/framework/src/Illuminate/View/View.php(161): Illuminate\\View\\View->renderContents()
#28 /home4/livekhv2/public_html/vendor/laravel/framework/src/Illuminate/Http/Response.php(79): Illuminate\\View\\View->render()
#29 /home4/livekhv2/public_html/vendor/laravel/framework/src/Illuminate/Http/Response.php(35): Illuminate\\Http\\Response->setContent(Object(Illuminate\\View\\View))
#30 /home4/livekhv2/public_html/vendor/laravel/framework/src/Illuminate/Routing/ResponseFactory.php(58): Illuminate\\Http\\Response->__construct(Object(Illuminate\\View\\View), 500, Array)
#31 /home4/livekhv2/public_html/vendor/laravel/framework/src/Illuminate/Routing/ResponseFactory.php(88): Illuminate\\Routing\\ResponseFactory->make(Object(Illuminate\\View\\View), 500, Array)
#32 /home4/livekhv2/public_html/vendor/laravel/framework/src/Illuminate/Foundation/Exceptions/Handler.php(894): Illuminate\\Routing\\ResponseFactory->view('errors::500', Array, 500, Array)
#33 /home4/livekhv2/public_html/vendor/laravel/framework/src/Illuminate/Foundation/Exceptions/Handler.php(815): Illuminate\\Foundation\\Exceptions\\Handler->renderHttpException(Object(Symfony\\Component\\HttpKernel\\Exception\\HttpException))
#34 /home4/livekhv2/public_html/vendor/laravel/framework/src/Illuminate/Foundation/Exceptions/Handler.php(706): Illuminate\\Foundation\\Exceptions\\Handler->prepareResponse(Object(Illuminate\\Http\\Request), Object(Symfony\\Component\\HttpKernel\\Exception\\HttpException))
#35 /home4/livekhv2/public_html/vendor/laravel/framework/src/Illuminate/Foundation/Exceptions/Handler.php(594): Illuminate\\Foundation\\Exceptions\\Handler->renderExceptionResponse(Object(Illuminate\\Http\\Request), Object(Illuminate\\Encryption\\MissingAppKeyException))
#36 /home4/livekhv2/public_html/vendor/laravel/framework/src/Illuminate/Foundation/Bootstrap/HandleExceptions.php(225): Illuminate\\Foundation\\Exceptions\\Handler->render(Object(Illuminate\\Http\\Request), Object(Illuminate\\Encryption\\MissingAppKeyException))
#37 /home4/livekhv2/public_html/vendor/laravel/framework/src/Illuminate/Foundation/Bootstrap/HandleExceptions.php(202): Illuminate\\Foundation\\Bootstrap\\HandleExceptions->renderHttpResponse(Object(Illuminate\\Encryption\\MissingAppKeyException))
#38 /home4/livekhv2/public_html/vendor/laravel/framework/src/Illuminate/Foundation/Bootstrap/HandleExceptions.php(290): Illuminate\\Foundation\\Bootstrap\\HandleExceptions->handleException(Object(Illuminate\\Encryption\\MissingAppKeyException))
#39 [internal function]: Illuminate\\Foundation\\Bootstrap\\HandleExceptions->Illuminate\\Foundation\\Bootstrap\\{closure}(Object(Illuminate\\Encryption\\MissingAppKeyException))
#40 {main}

[previous exception] [object] (ErrorException(code: 0): Attempt to read property \"favicon_driver\" on null at /home4/livekhv2/public_html/storage/framework/views/9c0a7a1dc92d0624890d37a42eb7b6ae.php:9)
[stacktrace]
#0 /home4/livekhv2/public_html/vendor/laravel/framework/src/Illuminate/Foundation/Bootstrap/HandleExceptions.php(290): Illuminate\\Foundation\\Bootstrap\\HandleExceptions->handleError(2, 'Attempt to read...', '/home4/livekhv2...', 9)
#1 /home4/livekhv2/public_html/storage/framework/views/9c0a7a1dc92d0624890d37a42eb7b6ae.php(9): Illuminate\\Foundation\\Bootstrap\\HandleExceptions->Illuminate\\Foundation\\Bootstrap\\{closure}(2, 'Attempt to read...', '/home4/livekhv2...', 9)
#2 /home4/livekhv2/public_html/vendor/laravel/framework/src/Illuminate/Filesystem/Filesystem.php(123): require('/home4/livekhv2...')
#3 /home4/livekhv2/public_html/vendor/laravel/framework/src/Illuminate/Filesystem/Filesystem.php(124): Illuminate\\Filesystem\\Filesystem::Illuminate\\Filesystem\\{closure}()
#4 /home4/livekhv2/public_html/vendor/laravel/framework/src/Illuminate/View/Engines/PhpEngine.php(58): Illuminate\\Filesystem\\Filesystem->getRequire('/home4/livekhv2...', Array)
#5 /home4/livekhv2/public_html/vendor/livewire/livewire/src/Mechanisms/ExtendBlade/ExtendedCompilerEngine.php(22): Illuminate\\View\\Engines\\PhpEngine->evaluatePath('/home4/livekhv2...', Array)
#6 /home4/livekhv2/public_html/vendor/laravel/framework/src/Illuminate/View/Engines/CompilerEngine.php(75): Livewire\\Mechanisms\\ExtendBlade\\ExtendedCompilerEngine->evaluatePath('/home4/livekhv2...', Array)
#7 /home4/livekhv2/public_html/vendor/livewire/livewire/src/Mechanisms/ExtendBlade/ExtendedCompilerEngine.php(10): Illuminate\\View\\Engines\\CompilerEngine->get('/home4/livekhv2...', Array)
#8 /home4/livekhv2/public_html/vendor/laravel/framework/src/Illuminate/View/View.php(209): Livewire\\Mechanisms\\ExtendBlade\\ExtendedCompilerEngine->get('/home4/livekhv2...', Array)
#9 /home4/livekhv2/public_html/vendor/laravel/framework/src/Illuminate/View/View.php(192): Illuminate\\View\\View->getContents()
#10 /home4/livekhv2/public_html/vendor/laravel/framework/src/Illuminate/View/View.php(161): Illuminate\\View\\View->renderContents()
#11 /home4/livekhv2/public_html/storage/framework/views/a3dd9474e30a9104345c46b13f6a01cb.php(6): Illuminate\\View\\View->render()
#12 /home4/livekhv2/public_html/vendor/laravel/framework/src/Illuminate/Filesystem/Filesystem.php(123): require('/home4/livekhv2...')
#13 /home4/livekhv2/public_html/vendor/laravel/framework/src/Illuminate/Filesystem/Filesystem.php(124): Illuminate\\Filesystem\\Filesystem::Illuminate\\Filesystem\\{closure}()
#14 /home4/livekhv2/public_html/vendor/laravel/framework/src/Illuminate/View/Engines/PhpEngine.php(58): Illuminate\\Filesystem\\Filesystem->getRequire('/home4/livekhv2...', Array)
#15 /home4/livekhv2/public_html/vendor/livewire/livewire/src/Mechanisms/ExtendBlade/ExtendedCompilerEngine.php(22): Illuminate\\View\\Engines\\PhpEngine->evaluatePath('/home4/livekhv2...', Array)
#16 /home4/livekhv2/public_html/vendor/laravel/framework/src/Illuminate/View/Engines/CompilerEngine.php(75): Livewire\\Mechanisms\\ExtendBlade\\ExtendedCompilerEngine->evaluatePath('/home4/livekhv2...', Array)
#17 /home4/livekhv2/public_html/vendor/livewire/livewire/src/Mechanisms/ExtendBlade/ExtendedCompilerEngine.php(10): Illuminate\\View\\Engines\\CompilerEngine->get('/home4/livekhv2...', Array)
#18 /home4/livekhv2/public_html/vendor/laravel/framework/src/Illuminate/View/View.php(209): Livewire\\Mechanisms\\ExtendBlade\\ExtendedCompilerEngine->get('/home4/livekhv2...', Array)
#19 /home4/livekhv2/public_html/vendor/laravel/framework/src/Illuminate/View/View.php(192): Illuminate\\View\\View->getContents()
#20 /home4/livekhv2/public_html/vendor/laravel/framework/src/Illuminate/View/View.php(161): Illuminate\\View\\View->renderContents()
#21 /home4/livekhv2/public_html/storage/framework/views/0bbfefac8d5665b8324be88778b4eaaa.php(1): Illuminate\\View\\View->render()
#22 /home4/livekhv2/public_html/vendor/laravel/framework/src/Illuminate/Filesystem/Filesystem.php(123): require('/home4/livekhv2...')
#23 /home4/livekhv2/public_html/vendor/laravel/framework/src/Illuminate/Filesystem/Filesystem.php(124): Illuminate\\Filesystem\\Filesystem::Illuminate\\Filesystem\\{closure}()
#24 /home4/livekhv2/public_html/vendor/laravel/framework/src/Illuminate/View/Engines/PhpEngine.php(58): Illuminate\\Filesystem\\Filesystem->getRequire('/home4/livekhv2...', Array)
#25 /home4/livekhv2/public_html/vendor/livewire/livewire/src/Mechanisms/ExtendBlade/ExtendedCompilerEngine.php(22): Illuminate\\View\\Engines\\PhpEngine->evaluatePath('/home4/livekhv2...', Array)
#26 /home4/livekhv2/public_html/vendor/laravel/framework/src/Illuminate/View/Engines/CompilerEngine.php(75): Livewire\\Mechanisms\\ExtendBlade\\ExtendedCompilerEngine->evaluatePath('/home4/livekhv2...', Array)
#27 /home4/livekhv2/public_html/vendor/livewire/livewire/src/Mechanisms/ExtendBlade/ExtendedCompilerEngine.php(10): Illuminate\\View\\Engines\\CompilerEngine->get('/home4/livekhv2...', Array)
#28 /home4/livekhv2/public_html/vendor/laravel/framework/src/Illuminate/View/View.php(209): Livewire\\Mechanisms\\ExtendBlade\\ExtendedCompilerEngine->get('/home4/livekhv2...', Array)
#29 /home4/livekhv2/public_html/vendor/laravel/framework/src/Illuminate/View/View.php(192): Illuminate\\View\\View->getContents()
#30 /home4/livekhv2/public_html/vendor/laravel/framework/src/Illuminate/View/View.php(161): Illuminate\\View\\View->renderContents()
#31 /home4/livekhv2/public_html/vendor/laravel/framework/src/Illuminate/Http/Response.php(79): Illuminate\\View\\View->render()
#32 /home4/livekhv2/public_html/vendor/laravel/framework/src/Illuminate/Http/Response.php(35): Illuminate\\Http\\Response->setContent(Object(Illuminate\\View\\View))
#33 /home4/livekhv2/public_html/vendor/laravel/framework/src/Illuminate/Routing/ResponseFactory.php(58): Illuminate\\Http\\Response->__construct(Object(Illuminate\\View\\View), 500, Array)
#34 /home4/livekhv2/public_html/vendor/laravel/framework/src/Illuminate/Routing/ResponseFactory.php(88): Illuminate\\Routing\\ResponseFactory->make(Object(Illuminate\\View\\View), 500, Array)
#35 /home4/livekhv2/public_html/vendor/laravel/framework/src/Illuminate/Foundation/Exceptions/Handler.php(894): Illuminate\\Routing\\ResponseFactory->view('errors::500', Array, 500, Array)
#36 /home4/livekhv2/public_html/vendor/laravel/framework/src/Illuminate/Foundation/Exceptions/Handler.php(815): Illuminate\\Foundation\\Exceptions\\Handler->renderHttpException(Object(Symfony\\Component\\HttpKernel\\Exception\\HttpException))
#37 /home4/livekhv2/public_html/vendor/laravel/framework/src/Illuminate/Foundation/Exceptions/Handler.php(706): Illuminate\\Foundation\\Exceptions\\Handler->prepareResponse(Object(Illuminate\\Http\\Request), Object(Symfony\\Component\\HttpKernel\\Exception\\HttpException))
#38 /home4/livekhv2/public_html/vendor/laravel/framework/src/Illuminate/Foundation/Exceptions/Handler.php(594): Illuminate\\Foundation\\Exceptions\\Handler->renderExceptionResponse(Object(Illuminate\\Http\\Request), Object(Illuminate\\Encryption\\MissingAppKeyException))
#39 /home4/livekhv2/public_html/vendor/laravel/framework/src/Illuminate/Foundation/Bootstrap/HandleExceptions.php(225): Illuminate\\Foundation\\Exceptions\\Handler->render(Object(Illuminate\\Http\\Request), Object(Illuminate\\Encryption\\MissingAppKeyException))
#40 /home4/livekhv2/public_html/vendor/laravel/framework/src/Illuminate/Foundation/Bootstrap/HandleExceptions.php(202): Illuminate\\Foundation\\Bootstrap\\HandleExceptions->renderHttpResponse(Object(Illuminate\\Encryption\\MissingAppKeyException))
#41 /home4/livekhv2/public_html/vendor/laravel/framework/src/Illuminate/Foundation/Bootstrap/HandleExceptions.php(290): Illuminate\\Foundation\\Bootstrap\\HandleExceptions->handleException(Object(Illuminate\\Encryption\\MissingAppKeyException))
#42 [internal function]: Illuminate\\Foundation\\Bootstrap\\HandleExceptions->Illuminate\\Foundation\\Bootstrap\\{closure}(Object(Illuminate\\Encryption\\MissingAppKeyException))
#43 {main}
"} 
[2026-06-18 13:35:19] production.ERROR: No application encryption key has been specified. {"exception":"[object] (Illuminate\\Encryption\\MissingAppKeyException(code: 0): No application encryption key has been specified. at /home4/livekhv2/public_html/vendor/laravel/framework/src/Illuminate/Encryption/EncryptionServiceProvider.php:83)
[stacktrace]
#0 /home4/livekhv2/public_html/vendor/laravel/framework/src/Illuminate/Support/helpers.php(399): Illuminate\\Encryption\\EncryptionServiceProvider->Illuminate\\Encryption\\{closure}(NULL)
#1 /home4/livekhv2/public_html/vendor/laravel/framework/src/Illuminate/Encryption/EncryptionServiceProvider.php(81): tap(NULL, Object(Closure))
#2 /home4/livekhv2/public_html/vendor/laravel/framework/src/Illuminate/Encryption/EncryptionServiceProvider.php(64): Illuminate\\Encryption\\EncryptionServiceProvider->key(Array)
#3 /home4/livekhv2/public_html/vendor/laravel/framework/src/Illuminate/Encryption/EncryptionServiceProvider.php(32): Illuminate\\Encryption\\EncryptionServiceProvider->parseKey(Array)
#4 /home4/livekhv2/public_html/vendor/laravel/framework/src/Illuminate/Container/Container.php(937): Illuminate\\Encryption\\EncryptionServiceProvider->Illuminate\\Encryption\\{closure}(Object(Illuminate\\Foundation\\Application), Array)
#5 /home4/livekhv2/public_html/vendor/laravel/framework/src/Illuminate/Container/Container.php(819): Illuminate\\Container\\Container->build(Object(Closure))
#6 /home4/livekhv2/public_html/vendor/laravel/framework/src/Illuminate/Foundation/Application.php(1048): Illuminate\\Container\\Container->resolve('encrypter', Array, true)
#7 /home4/livekhv2/public_html/vendor/laravel/framework/src/Illuminate/Container/Container.php(755): Illuminate\\Foundation\\Application->resolve('encrypter', Array)
#8 /home4/livekhv2/public_html/vendor/laravel/framework/src/Illuminate/Foundation/Application.php(1030): Illuminate\\Container\\Container->make('encrypter', Array)
#9 /home4/livekhv2/public_html/vendor/laravel/framework/src/Illuminate/Container/Container.php(1118): Illuminate\\Foundation\\Application->make('encrypter')
#10 /home4/livekhv2/public_html/vendor/laravel/framework/src/Illuminate/Container/Container.php(1028): Illuminate\\Container\\Container->resolveClass(Object(ReflectionParameter))
#11 /home4/livekhv2/public_html/vendor/laravel/framework/src/Illuminate/Container/Container.php(979): Illuminate\\Container\\Container->resolveDependencies(Array)
#12 /home4/livekhv2/public_html/vendor/laravel/framework/src/Illuminate/Container/Container.php(819): Illuminate\\Container\\Container->build('App\\\\Http\\\\Middle...')
#13 /home4/livekhv2/public_html/vendor/laravel/framework/src/Illuminate/Foundation/Application.php(1048): Illuminate\\Container\\Container->resolve('App\\\\Http\\\\Middle...', Array, true)
#14 /home4/livekhv2/public_html/vendor/laravel/framework/src/Illuminate/Container/Container.php(755): Illuminate\\Foundation\\Application->resolve('App\\\\Http\\\\Middle...', Array)
#15 /home4/livekhv2/public_html/vendor/laravel/framework/src/Illuminate/Foundation/Application.php(1030): Illuminate\\Container\\Container->make('App\\\\Http\\\\Middle...', Array)
#16 /home4/livekhv2/public_html/vendor/laravel/framework/src/Illuminate/Pipeline/Pipeline.php(172): Illuminate\\Foundation\\Application->make('App\\\\Http\\\\Middle...')
#17 /home4/livekhv2/public_html/vendor/laravel/framework/src/Illuminate/Pipeline/Pipeline.php(119): Illuminate\\Pipeline\\Pipeline->Illuminate\\Pipeline\\{closure}(Object(Illuminate\\Http\\Request))
#18 /home4/livekhv2/public_html/vendor/laravel/framework/src/Illuminate/Routing/Router.php(807): Illuminate\\Pipeline\\Pipeline->then(Object(Closure))
#19 /home4/livekhv2/public_html/vendor/laravel/framework/src/Illuminate/Routing/Router.php(786): Illuminate\\Routing\\Router->runRouteWithinStack(Object(Illuminate\\Routing\\Route), Object(Illuminate\\Http\\Request))
#20 /home4/livekhv2/public_html/vendor/laravel/framework/src/Illuminate/Routing/Router.php(750): Illuminate\\Routing\\Router->runRoute(Object(Illuminate\\Http\\Request), Object(Illuminate\\Routing\\Route))
#21 /home4/livekhv2/public_html/vendor/laravel/framework/src/Illuminate/Routing/Router.php(739): Illuminate\\Routing\\Router->dispatchToRoute(Object(Illuminate\\Http\\Request))
#22 /home4/livekhv2/public_html/vendor/laravel/framework/src/Illuminate/Foundation/Http/Kernel.php(201): Illuminate\\Routing\\Router->dispatch(Object(Illuminate\\Http\\Request))
#23 /home4/livekhv2/public_html/vendor/laravel/framework/src/Illuminate/Pipeline/Pipeline.php(144): Illuminate\\Foundation\\Http\\Kernel->Illuminate\\Foundation\\Http\\{closure}(Object(Illuminate\\Http\\Request))
#24 /home4/livekhv2/public_html/vendor/livewire/livewire/src/Features/SupportDisablingBackButtonCache/DisableBackButtonCacheMiddleware.php(19): Illuminate\\Pipeline\\Pipeline->Illuminate\\Pipeline\\{closure}(Object(Illuminate\\Http\\Request))
#25 /home4/livekhv2/public_html/vendor/laravel/framework/src/Illuminate/Pipeline/Pipeline.php(183): Livewire\\Features\\SupportDisablingBackButtonCache\\DisableBackButtonCacheMiddleware->handle(Object(Illuminate\\Http\\Request), Object(Closure))
#26 /home4/livekhv2/public_html/vendor/laravel/framework/src/Illuminate/Foundation/Http/Middleware/TransformsRequest.php(21): Illuminate\\Pipeline\\Pipeline->Illuminate\\Pipeline\\{closure}(Object(Illuminate\\Http\\Request))
#27 /home4/livekhv2/public_html/vendor/laravel/framework/src/Illuminate/Foundation/Http/Middleware/ConvertEmptyStringsToNull.php(31): Illuminate\\Foundation\\Http\\Middleware\\TransformsRequest->handle(Object(Illuminate\\Http\\Request), Object(Closure))
#28 /home4/livekhv2/public_html/vendor/laravel/framework/src/Illuminate/Pipeline/Pipeline.php(183): Illuminate\\Foundation\\Http\\Middleware\\ConvertEmptyStringsToNull->handle(Object(Illuminate\\Http\\Request), Object(Closure))
#29 /home4/livekhv2/public_html/vendor/laravel/framework/src/Illuminate/Foundation/Http/Middleware/TransformsRequest.php(21): Illuminate\\Pipeline\\Pipeline->Illuminate\\Pipeline\\{closure}(Object(Illuminate\\Http\\Request))
#30 /home4/livekhv2/public_html/vendor/laravel/framework/src/Illuminate/Foundation/Http/Middleware/TrimStrings.php(51): Illuminate\\Foundation\\Http\\Middleware\\TransformsRequest->handle(Object(Illuminate\\Http\\Request), Object(Closure))
#31 /home4/livekhv2/public_html/vendor/laravel/framework/src/Illuminate/Pipeline/Pipeline.php(183): Illuminate\\Foundation\\Http\\Middleware\\TrimStrings->handle(Object(Illuminate\\Http\\Request), Object(Closure))
#32 /home4/livekhv2/public_html/vendor/laravel/framework/src/Illuminate/Http/Middleware/ValidatePostSize.php(27): Illuminate\\Pipeline\\Pipeline->Illuminate\\Pipeline\\{closure}(Object(Illuminate\\Http\\Request))
#33 /home4/livekhv2/public_html/vendor/laravel/framework/src/Illuminate/Pipeline/Pipeline.php(183): Illuminate\\Http\\Middleware\\ValidatePostSize->handle(Object(Illuminate\\Http\\Request), Object(Closure))
#34 /home4/livekhv2/public_html/vendor/laravel/framework/src/Illuminate/Foundation/Http/Middleware/PreventRequestsDuringMaintenance.php(110): Illuminate\\Pipeline\\Pipeline->Illuminate\\Pipeline\\{closure}(Object(Illuminate\\Http\\Request))
#35 /home4/livekhv2/public_html/vendor/laravel/framework/src/Illuminate/Pipeline/Pipeline.php(183): Illuminate\\Foundation\\Http\\Middleware\\PreventRequestsDuringMaintenance->handle(Object(Illuminate\\Http\\Request), Object(Closure))
#36 /home4/livekhv2/public_html/vendor/laravel/framework/src/Illuminate/Http/Middleware/HandleCors.php(49): Illuminate\\Pipeline\\Pipeline->Illuminate\\Pipeline\\{closure}(Object(Illuminate\\Http\\Request))
#37 /home4/livekhv2/public_html/vendor/laravel/framework/src/Illuminate/Pipeline/Pipeline.php(183): Illuminate\\Http\\Middleware\\HandleCors->handle(Object(Illuminate\\Http\\Request), Object(Closure))
#38 /home4/livekhv2/public_html/vendor/laravel/framework/src/Illuminate/Http/Middleware/TrustProxies.php(58): Illuminate\\Pipeline\\Pipeline->Illuminate\\Pipeline\\{closure}(Object(Illuminate\\Http\\Request))
#39 /home4/livekhv2/public_html/vendor/laravel/framework/src/Illuminate/Pipeline/Pipeline.php(183): Illuminate\\Http\\Middleware\\TrustProxies->handle(Object(Illuminate\\Http\\Request), Object(Closure))
#40 /home4/livekhv2/public_html/vendor/laravel/framework/src/Illuminate/Pipeline/Pipeline.php(119): Illuminate\\Pipeline\\Pipeline->Illuminate\\Pipeline\\{closure}(Object(Illuminate\\Http\\Request))
#41 /home4/livekhv2/public_html/vendor/laravel/framework/src/Illuminate/Foundation/Http/Kernel.php(176): Illuminate\\Pipeline\\Pipeline->then(Object(Closure))
#42 /home4/livekhv2/public_html/vendor/laravel/framework/src/Illuminate/Foundation/Http/Kernel.php(145): Illuminate\\Foundation\\Http\\Kernel->sendRequestThroughRouter(Object(Illuminate\\Http\\Request))
#43 /home4/livekhv2/public_html/index.php(51): Illuminate\\Foundation\\Http\\Kernel->handle(Object(Illuminate\\Http\\Request))
#44 {main}
"} 
[2026-06-18 13:35:19] production.ERROR: Attempt to read property "favicon_driver" on null (View: /home4/livekhv2/public_html/resources/views/layouts/error.blade.php) (View: /home4/livekhv2/public_html/resources/views/layouts/error.blade.php) (View: /home4/livekhv2/public_html/resources/views/layouts/error.blade.php) {"exception":"[object] (Illuminate\\View\\ViewException(code: 0): Attempt to read property \"favicon_driver\" on null (View: /home4/livekhv2/public_html/resources/views/layouts/error.blade.php) (View: /home4/livekhv2/public_html/resources/views/layouts/error.blade.php) (View: /home4/livekhv2/public_html/resources/views/layouts/error.blade.php) at /home4/livekhv2/public_html/storage/framework/views/9c0a7a1dc92d0624890d37a42eb7b6ae.php:9)
[stacktrace]
#0 /home4/livekhv2/public_html/vendor/livewire/livewire/src/Mechanisms/ExtendBlade/ExtendedCompilerEngine.php(58): Illuminate\\View\\Engines\\CompilerEngine->handleViewException(Object(Illuminate\\View\\ViewException), 0)
#1 /home4/livekhv2/public_html/vendor/laravel/framework/src/Illuminate/View/Engines/PhpEngine.php(60): Livewire\\Mechanisms\\ExtendBlade\\ExtendedCompilerEngine->handleViewException(Object(Illuminate\\View\\ViewException), 0)
#2 /home4/livekhv2/public_html/vendor/livewire/livewire/src/Mechanisms/ExtendBlade/ExtendedCompilerEngine.php(22): Illuminate\\View\\Engines\\PhpEngine->evaluatePath('/home4/livekhv2...', Array)
#3 /home4/livekhv2/public_html/vendor/laravel/framework/src/Illuminate/View/Engines/CompilerEngine.php(75): Livewire\\Mechanisms\\ExtendBlade\\ExtendedCompilerEngine->evaluatePath('/home4/livekhv2...', Array)
#4 /home4/livekhv2/public_html/vendor/livewire/livewire/src/Mechanisms/ExtendBlade/ExtendedCompilerEngine.php(10): Illuminate\\View\\Engines\\CompilerEngine->get('/home4/livekhv2...', Array)
#5 /home4/livekhv2/public_html/vendor/laravel/framework/src/Illuminate/View/View.php(209): Livewire\\Mechanisms\\ExtendBlade\\ExtendedCompilerEngine->get('/home4/livekhv2...', Array)
#6 /home4/livekhv2/public_html/vendor/laravel/framework/src/Illuminate/View/View.php(192): Illuminate\\View\\View->getContents()
#7 /home4/livekhv2/public_html/vendor/laravel/framework/src/Illuminate/View/View.php(161): Illuminate\\View\\View->renderContents()
#8 /home4/livekhv2/public_html/vendor/laravel/framework/src/Illuminate/Http/Response.php(79): Illuminate\\View\\View->render()
#9 /home4/livekhv2/public_html/vendor/laravel/framework/src/Illuminate/Http/Response.php(35): Illuminate\\Http\\Response->setContent(Object(Illuminate\\View\\View))
#10 /home4/livekhv2/public_html/vendor/laravel/framework/src/Illuminate/Routing/ResponseFactory.php(58): Illuminate\\Http\\Response->__construct(Object(Illuminate\\View\\View), 500, Array)
#11 /home4/livekhv2/public_html/vendor/laravel/framework/src/Illuminate/Routing/ResponseFactory.php(88): Illuminate\\Routing\\ResponseFactory->make(Object(Illuminate\\View\\View), 500, Array)
#12 /home4/livekhv2/public_html/vendor/laravel/framework/src/Illuminate/Foundation/Exceptions/Handler.php(894): Illuminate\\Routing\\ResponseFactory->view('errors::500', Array, 500, Array)
#13 /home4/livekhv2/public_html/vendor/laravel/framework/src/Illuminate/Foundation/Exceptions/Handler.php(815): Illuminate\\Foundation\\Exceptions\\Handler->renderHttpException(Object(Symfony\\Component\\HttpKernel\\Exception\\HttpException))
#14 /home4/livekhv2/public_html/vendor/laravel/framework/src/Illuminate/Foundation/Exceptions/Handler.php(706): Illuminate\\Foundation\\Exceptions\\Handler->prepareResponse(Object(Illuminate\\Http\\Request), Object(Symfony\\Component\\HttpKernel\\Exception\\HttpException))
#15 /home4/livekhv2/public_html/vendor/laravel/framework/src/Illuminate/Foundation/Exceptions/Handler.php(594): Illuminate\\Foundation\\Exceptions\\Handler->renderExceptionResponse(Object(Illuminate\\Http\\Request), Object(Illuminate\\Encryption\\MissingAppKeyException))
#16 /home4/livekhv2/public_html/vendor/laravel/framework/src/Illuminate/Routing/Pipeline.php(51): Illuminate\\Foundation\\Exceptions\\Handler->render(Object(Illuminate\\Http\\Request), Object(Illuminate\\Encryption\\MissingAppKeyException))
#17 /home4/livekhv2/public_html/vendor/laravel/framework/src/Illuminate/Pipeline/Pipeline.php(188): Illuminate\\Routing\\Pipeline->handleException(Object(Illuminate\\Http\\Request), Object(Illuminate\\Encryption\\MissingAppKeyException))
#18 /home4/livekhv2/public_html/vendor/laravel/framework/src/Illuminate/Pipeline/Pipeline.php(119): Illuminate\\Pipeline\\Pipeline->Illuminate\\Pipeline\\{closure}(Object(Illuminate\\Http\\Request))
#19 /home4/livekhv2/public_html/vendor/laravel/framework/src/Illuminate/Routing/Router.php(807): Illuminate\\Pipeline\\Pipeline->then(Object(Closure))
#20 /home4/livekhv2/public_html/vendor/laravel/framework/src/Illuminate/Routing/Router.php(786): Illuminate\\Routing\\Router->runRouteWithinStack(Object(Illuminate\\Routing\\Route), Object(Illuminate\\Http\\Request))
#21 /home4/livekhv2/public_html/vendor/laravel/framework/src/Illuminate/Routing/Router.php(750): Illuminate\\Routing\\Router->runRoute(Object(Illuminate\\Http\\Request), Object(Illuminate\\Routing\\Route))
#22 /home4/livekhv2/public_html/vendor/laravel/framework/src/Illuminate/Routing/Router.php(739): Illuminate\\Routing\\Router->dispatchToRoute(Object(Illuminate\\Http\\Request))
#23 /home4/livekhv2/public_html/vendor/laravel/framework/src/Illuminate/Foundation/Http/Kernel.php(201): Illuminate\\Routing\\Router->dispatch(Object(Illuminate\\Http\\Request))
#24 /home4/livekhv2/public_html/vendor/laravel/framework/src/Illuminate/Pipeline/Pipeline.php(144): Illuminate\\Foundation\\Http\\Kernel->Illuminate\\Foundation\\Http\\{closure}(Object(Illuminate\\Http\\Request))
#25 /home4/livekhv2/public_html/vendor/livewire/livewire/src/Features/SupportDisablingBackButtonCache/DisableBackButtonCacheMiddleware.php(19): Illuminate\\Pipeline\\Pipeline->Illuminate\\Pipeline\\{closure}(Object(Illuminate\\Http\\Request))
#26 /home4/livekhv2/public_html/vendor/laravel/framework/src/Illuminate/Pipeline/Pipeline.php(183): Livewire\\Features\\SupportDisablingBackButtonCache\\DisableBackButtonCacheMiddleware->handle(Object(Illuminate\\Http\\Request), Object(Closure))
#27 /home4/livekhv2/public_html/vendor/laravel/framework/src/Illuminate/Foundation/Http/Middleware/TransformsRequest.php(21): Illuminate\\Pipeline\\Pipeline->Illuminate\\Pipeline\\{closure}(Object(Illuminate\\Http\\Request))
#28 /home4/livekhv2/public_html/vendor/laravel/framework/src/Illuminate/Foundation/Http/Middleware/ConvertEmptyStringsToNull.php(31): Illuminate\\Foundation\\Http\\Middleware\\TransformsRequest->handle(Object(Illuminate\\Http\\Request), Object(Closure))
#29 /home4/livekhv2/public_html/vendor/laravel/framework/src/Illuminate/Pipeline/Pipeline.php(183): Illuminate\\Foundation\\Http\\Middleware\\ConvertEmptyStringsToNull->handle(Object(Illuminate\\Http\\Request), Object(Closure))
#30 /home4/livekhv2/public_html/vendor/laravel/framework/src/Illuminate/Foundation/Http/Middleware/TransformsRequest.php(21): Illuminate\\Pipeline\\Pipeline->Illuminate\\Pipeline\\{closure}(Object(Illuminate\\Http\\Request))
#31 /home4/livekhv2/public_html/vendor/laravel/framework/src/Illuminate/Foundation/Http/Middleware/TrimStrings.php(51): Illuminate\\Foundation\\Http\\Middleware\\TransformsRequest->handle(Object(Illuminate\\Http\\Request), Object(Closure))
#32 /home4/livekhv2/public_html/vendor/laravel/framework/src/Illuminate/Pipeline/Pipeline.php(183): Illuminate\\Foundation\\Http\\Middleware\\TrimStrings->handle(Object(Illuminate\\Http\\Request), Object(Closure))
#33 /home4/livekhv2/public_html/vendor/laravel/framework/src/Illuminate/Http/Middleware/ValidatePostSize.php(27): Illuminate\\Pipeline\\Pipeline->Illuminate\\Pipeline\\{closure}(Object(Illuminate\\Http\\Request))
#34 /home4/livekhv2/public_html/vendor/laravel/framework/src/Illuminate/Pipeline/Pipeline.php(183): Illuminate\\Http\\Middleware\\ValidatePostSize->handle(Object(Illuminate\\Http\\Request), Object(Closure))
#35 /home4/livekhv2/public_html/vendor/laravel/framework/src/Illuminate/Foundation/Http/Middleware/PreventRequestsDuringMaintenance.php(110): Illuminate\\Pipeline\\Pipeline->Illuminate\\Pipeline\\{closure}(Object(Illuminate\\Http\\Request))
#36 /home4/livekhv2/public_html/vendor/laravel/framework/src/Illuminate/Pipeline/Pipeline.php(183): Illuminate\\Foundation\\Http\\Middleware\\PreventRequestsDuringMaintenance->handle(Object(Illuminate\\Http\\Request), Object(Closure))
#37 /home4/livekhv2/public_html/vendor/laravel/framework/src/Illuminate/Http/Middleware/HandleCors.php(49): Illuminate\\Pipeline\\Pipeline->Illuminate\\Pipeline\\{closure}(Object(Illuminate\\Http\\Request))
#38 /home4/livekhv2/public_html/vendor/laravel/framework/src/Illuminate/Pipeline/Pipeline.php(183): Illuminate\\Http\\Middleware\\HandleCors->handle(Object(Illuminate\\Http\\Request), Object(Closure))
#39 /home4/livekhv2/public_html/vendor/laravel/framework/src/Illuminate/Http/Middleware/TrustProxies.php(58): Illuminate\\Pipeline\\Pipeline->Illuminate\\Pipeline\\{closure}(Object(Illuminate\\Http\\Request))
#40 /home4/livekhv2/public_html/vendor/laravel/framework/src/Illuminate/Pipeline/Pipeline.php(183): Illuminate\\Http\\Middleware\\TrustProxies->handle(Object(Illuminate\\Http\\Request), Object(Closure))
#41 /home4/livekhv2/public_html/vendor/laravel/framework/src/Illuminate/Pipeline/Pipeline.php(119): Illuminate\\Pipeline\\Pipeline->Illuminate\\Pipeline\\{closure}(Object(Illuminate\\Http\\Request))
#42 /home4/livekhv2/public_html/vendor/laravel/framework/src/Illuminate/Foundation/Http/Kernel.php(176): Illuminate\\Pipeline\\Pipeline->then(Object(Closure))
#43 /home4/livekhv2/public_html/vendor/laravel/framework/src/Illuminate/Foundation/Http/Kernel.php(145): Illuminate\\Foundation\\Http\\Kernel->sendRequestThroughRouter(Object(Illuminate\\Http\\Request))
#44 /home4/livekhv2/public_html/index.php(51): Illuminate\\Foundation\\Http\\Kernel->handle(Object(Illuminate\\Http\\Request))
#45 {main}

[previous exception] [object] (Illuminate\\View\\ViewException(code: 0): Attempt to read property \"favicon_driver\" on null (View: /home4/livekhv2/public_html/resources/views/layouts/error.blade.php) (View: /home4/livekhv2/public_html/resources/views/layouts/error.blade.php) at /home4/livekhv2/public_html/storage/framework/views/9c0a7a1dc92d0624890d37a42eb7b6ae.php:9)
[stacktrace]
#0 /home4/livekhv2/public_html/vendor/livewire/livewire/src/Mechanisms/ExtendBlade/ExtendedCompilerEngine.php(58): Illuminate\\View\\Engines\\CompilerEngine->handleViewException(Object(Illuminate\\View\\ViewException), 1)
#1 /home4/livekhv2/public_html/vendor/laravel/framework/src/Illuminate/View/Engines/PhpEngine.php(60): Livewire\\Mechanisms\\ExtendBlade\\ExtendedCompilerEngine->handleViewException(Object(Illuminate\\View\\ViewException), 1)
#2 /home4/livekhv2/public_html/vendor/livewire/livewire/src/Mechanisms/ExtendBlade/ExtendedCompilerEngine.php(22): Illuminate\\View\\Engines\\PhpEngine->evaluatePath('/home4/livekhv2...', Array)
#3 /home4/livekhv2/public_html/vendor/laravel/framework/src/Illuminate/View/Engines/CompilerEngine.php(75): Livewire\\Mechanisms\\ExtendBlade\\ExtendedCompilerEngine->evaluatePath('/home4/livekhv2...', Array)
#4 /home4/livekhv2/public_html/vendor/livewire/livewire/src/Mechanisms/ExtendBlade/ExtendedCompilerEngine.php(10): Illuminate\\View\\Engines\\CompilerEngine->get('/home4/livekhv2...', Array)
#5 /home4/livekhv2/public_html/vendor/laravel/framework/src/Illuminate/View/View.php(209): Livewire\\Mechanisms\\ExtendBlade\\ExtendedCompilerEngine->get('/home4/livekhv2...', Array)
#6 /home4/livekhv2/public_html/vendor/laravel/framework/src/Illuminate/View/View.php(192): Illuminate\\View\\View->getContents()
#7 /home4/livekhv2/public_html/vendor/laravel/framework/src/Illuminate/View/View.php(161): Illuminate\\View\\View->renderContents()
#8 /home4/livekhv2/public_html/storage/framework/views/0bbfefac8d5665b8324be88778b4eaaa.php(1): Illuminate\\View\\View->render()
#9 /home4/livekhv2/public_html/vendor/laravel/framework/src/Illuminate/Filesystem/Filesystem.php(123): require('/home4/livekhv2...')
#10 /home4/livekhv2/public_html/vendor/laravel/framework/src/Illuminate/Filesystem/Filesystem.php(124): Illuminate\\Filesystem\\Filesystem::Illuminate\\Filesystem\\{closure}()
#11 /home4/livekhv2/public_html/vendor/laravel/framework/src/Illuminate/View/Engines/PhpEngine.php(58): Illuminate\\Filesystem\\Filesystem->getRequire('/home4/livekhv2...', Array)
#12 /home4/livekhv2/public_html/vendor/livewire/livewire/src/Mechanisms/ExtendBlade/ExtendedCompilerEngine.php(22): Illuminate\\View\\Engines\\PhpEngine->evaluatePath('/home4/livekhv2...', Array)
#13 /home4/livekhv2/public_html/vendor/laravel/framework/src/Illuminate/View/Engines/CompilerEngine.php(75): Livewire\\Mechanisms\\ExtendBlade\\ExtendedCompilerEngine->evaluatePath('/home4/livekhv2...', Array)
#14 /home4/livekhv2/public_html/vendor/livewire/livewire/src/Mechanisms/ExtendBlade/ExtendedCompilerEngine.php(10): Illuminate\\View\\Engines\\CompilerEngine->get('/home4/livekhv2...', Array)
#15 /home4/livekhv2/public_html/vendor/laravel/framework/src/Illuminate/View/View.php(209): Livewire\\Mechanisms\\ExtendBlade\\ExtendedCompilerEngine->get('/home4/livekhv2...', Array)
#16 /home4/livekhv2/public_html/vendor/laravel/framework/src/Illuminate/View/View.php(192): Illuminate\\View\\View->getContents()
#17 /home4/livekhv2/public_html/vendor/laravel/framework/src/Illuminate/View/View.php(161): Illuminate\\View\\View->renderContents()
#18 /home4/livekhv2/public_html/vendor/laravel/framework/src/Illuminate/Http/Response.php(79): Illuminate\\View\\View->render()
#19 /home4/livekhv2/public_html/vendor/laravel/framework/src/Illuminate/Http/Response.php(35): Illuminate\\Http\\Response->setContent(Object(Illuminate\\View\\View))
#20 /home4/livekhv2/public_html/vendor/laravel/framework/src/Illuminate/Routing/ResponseFactory.php(58): Illuminate\\Http\\Response->__construct(Object(Illuminate\\View\\View), 500, Array)
#21 /home4/livekhv2/public_html/vendor/laravel/framework/src/Illuminate/Routing/ResponseFactory.php(88): Illuminate\\Routing\\ResponseFactory->make(Object(Illuminate\\View\\View), 500, Array)
#22 /home4/livekhv2/public_html/vendor/laravel/framework/src/Illuminate/Foundation/Exceptions/Handler.php(894): Illuminate\\Routing\\ResponseFactory->view('errors::500', Array, 500, Array)
#23 /home4/livekhv2/public_html/vendor/laravel/framework/src/Illuminate/Foundation/Exceptions/Handler.php(815): Illuminate\\Foundation\\Exceptions\\Handler->renderHttpException(Object(Symfony\\Component\\HttpKernel\\Exception\\HttpException))
#24 /home4/livekhv2/public_html/vendor/laravel/framework/src/Illuminate/Foundation/Exceptions/Handler.php(706): Illuminate\\Foundation\\Exceptions\\Handler->prepareResponse(Object(Illuminate\\Http\\Request), Object(Symfony\\Component\\HttpKernel\\Exception\\HttpException))
#25 /home4/livekhv2/public_html/vendor/laravel/framework/src/Illuminate/Foundation/Exceptions/Handler.php(594): Illuminate\\Foundation\\Exceptions\\Handler->renderExceptionResponse(Object(Illuminate\\Http\\Request), Object(Illuminate\\Encryption\\MissingAppKeyException))
#26 /home4/livekhv2/public_html/vendor/laravel/framework/src/Illuminate/Routing/Pipeline.php(51): Illuminate\\Foundation\\Exceptions\\Handler->render(Object(Illuminate\\Http\\Request), Object(Illuminate\\Encryption\\MissingAppKeyException))
#27 /home4/livekhv2/public_html/vendor/laravel/framework/src/Illuminate/Pipeline/Pipeline.php(188): Illuminate\\Routing\\Pipeline->handleException(Object(Illuminate\\Http\\Request), Object(Illuminate\\Encryption\\MissingAppKeyException))
#28 /home4/livekhv2/public_html/vendor/laravel/framework/src/Illuminate/Pipeline/Pipeline.php(119): Illuminate\\Pipeline\\Pipeline->Illuminate\\Pipeline\\{closure}(Object(Illuminate\\Http\\Request))
#29 /home4/livekhv2/public_html/vendor/laravel/framework/src/Illuminate/Routing/Router.php(807): Illuminate\\Pipeline\\Pipeline->then(Object(Closure))
#30 /home4/livekhv2/public_html/vendor/laravel/framework/src/Illuminate/Routing/Router.php(786): Illuminate\\Routing\\Router->runRouteWithinStack(Object(Illuminate\\Routing\\Route), Object(Illuminate\\Http\\Request))
#31 /home4/livekhv2/public_html/vendor/laravel/framework/src/Illuminate/Routing/Router.php(750): Illuminate\\Routing\\Router->runRoute(Object(Illuminate\\Http\\Request), Object(Illuminate\\Routing\\Route))
#32 /home4/livekhv2/public_html/vendor/laravel/framework/src/Illuminate/Routing/Router.php(739): Illuminate\\Routing\\Router->dispatchToRoute(Object(Illuminate\\Http\\Request))
#33 /home4/livekhv2/public_html/vendor/laravel/framework/src/Illuminate/Foundation/Http/Kernel.php(201): Illuminate\\Routing\\Router->dispatch(Object(Illuminate\\Http\\Request))
#34 /home4/livekhv2/public_html/vendor/laravel/framework/src/Illuminate/Pipeline/Pipeline.php(144): Illuminate\\Foundation\\Http\\Kernel->Illuminate\\Foundation\\Http\\{closure}(Object(Illuminate\\Http\\Request))
#35 /home4/livekhv2/public_html/vendor/livewire/livewire/src/Features/SupportDisablingBackButtonCache/DisableBackButtonCacheMiddleware.php(19): Illuminate\\Pipeline\\Pipeline->Illuminate\\Pipeline\\{closure}(Object(Illuminate\\Http\\Request))
#36 /home4/livekhv2/public_html/vendor/laravel/framework/src/Illuminate/Pipeline/Pipeline.php(183): Livewire\\Features\\SupportDisablingBackButtonCache\\DisableBackButtonCacheMiddleware->handle(Object(Illuminate\\Http\\Request), Object(Closure))
#37 /home4/livekhv2/public_html/vendor/laravel/framework/src/Illuminate/Foundation/Http/Middleware/TransformsRequest.php(21): Illuminate\\Pipeline\\Pipeline->Illuminate\\Pipeline\\{closure}(Object(Illuminate\\Http\\Request))
#38 /home4/livekhv2/public_html/vendor/laravel/framework/src/Illuminate/Foundation/Http/Middleware/ConvertEmptyStringsToNull.php(31): Illuminate\\Foundation\\Http\\Middleware\\TransformsRequest->handle(Object(Illuminate\\Http\\Request), Object(Closure))
#39 /home4/livekhv2/public_html/vendor/laravel/framework/src/Illuminate/Pipeline/Pipeline.php(183): Illuminate\\Foundation\\Http\\Middleware\\ConvertEmptyStringsToNull->handle(Object(Illuminate\\Http\\Request), Object(Closure))
#40 /home4/livekhv2/public_html/vendor/laravel/framework/src/Illuminate/Foundation/Http/Middleware/TransformsRequest.php(21): Illuminate\\Pipeline\\Pipeline->Illuminate\\Pipeline\\{closure}(Object(Illuminate\\Http\\Request))
#41 /home4/livekhv2/public_html/vendor/laravel/framework/src/Illuminate/Foundation/Http/Middleware/TrimStrings.php(51): Illuminate\\Foundation\\Http\\Middleware\\TransformsRequest->handle(Object(Illuminate\\Http\\Request), Object(Closure))
#42 /home4/livekhv2/public_html/vendor/laravel/framework/src/Illuminate/Pipeline/Pipeline.php(183): Illuminate\\Foundation\\Http\\Middleware\\TrimStrings->handle(Object(Illuminate\\Http\\Request), Object(Closure))
#43 /home4/livekhv2/public_html/vendor/laravel/framework/src/Illuminate/Http/Middleware/ValidatePostSize.php(27): Illuminate\\Pipeline\\Pipeline->Illuminate\\Pipeline\\{closure}(Object(Illuminate\\Http\\Request))
#44 /home4/livekhv2/public_html/vendor/laravel/framework/src/Illuminate/Pipeline/Pipeline.php(183): Illuminate\\Http\\Middleware\\ValidatePostSize->handle(Object(Illuminate\\Http\\Request), Object(Closure))
#45 /home4/livekhv2/public_html/vendor/laravel/framework/src/Illuminate/Foundation/Http/Middleware/PreventRequestsDuringMaintenance.php(110): Illuminate\\Pipeline\\Pipeline->Illuminate\\Pipeline\\{closure}(Object(Illuminate\\Http\\Request))
#46 /home4/livekhv2/public_html/vendor/laravel/framework/src/Illuminate/Pipeline/Pipeline.php(183): Illuminate\\Foundation\\Http\\Middleware\\PreventRequestsDuringMaintenance->handle(Object(Illuminate\\Http\\Request), Object(Closure))
#47 /home4/livekhv2/public_html/vendor/laravel/framework/src/Illuminate/Http/Middleware/HandleCors.php(49): Illuminate\\Pipeline\\Pipeline->Illuminate\\Pipeline\\{closure}(Object(Illuminate\\Http\\Request))
#48 /home4/livekhv2/public_html/vendor/laravel/framework/src/Illuminate/Pipeline/Pipeline.php(183): Illuminate\\Http\\Middleware\\HandleCors->handle(Object(Illuminate\\Http\\Request), Object(Closure))
#49 /home4/livekhv2/public_html/vendor/laravel/framework/src/Illuminate/Http/Middleware/TrustProxies.php(58): Illuminate\\Pipeline\\Pipeline->Illuminate\\Pipeline\\{closure}(Object(Illuminate\\Http\\Request))
#50 /home4/livekhv2/public_html/vendor/laravel/framework/src/Illuminate/Pipeline/Pipeline.php(183): Illuminate\\Http\\Middleware\\TrustProxies->handle(Object(Illuminate\\Http\\Request), Object(Closure))
#51 /home4/livekhv2/public_html/vendor/laravel/framework/src/Illuminate/Pipeline/Pipeline.php(119): Illuminate\\Pipeline\\Pipeline->Illuminate\\Pipeline\\{closure}(Object(Illuminate\\Http\\Request))
#52 /home4/livekhv2/public_html/vendor/laravel/framework/src/Illuminate/Foundation/Http/Kernel.php(176): Illuminate\\Pipeline\\Pipeline->then(Object(Closure))
#53 /home4/livekhv2/public_html/vendor/laravel/framework/src/Illuminate/Foundation/Http/Kernel.php(145): Illuminate\\Foundation\\Http\\Kernel->sendRequestThroughRouter(Object(Illuminate\\Http\\Request))
#54 /home4/livekhv2/public_html/index.php(51): Illuminate\\Foundation\\Http\\Kernel->handle(Object(Illuminate\\Http\\Request))
#55 {main}

[previous exception] [object] (Illuminate\\View\\ViewException(code: 0): Attempt to read property \"favicon_driver\" on null (View: /home4/livekhv2/public_html/resources/views/layouts/error.blade.php) at /home4/livekhv2/public_html/storage/framework/views/9c0a7a1dc92d0624890d37a42eb7b6ae.php:9)
[stacktrace]
#0 /home4/livekhv2/public_html/vendor/livewire/livewire/src/Mechanisms/ExtendBlade/ExtendedCompilerEngine.php(58): Illuminate\\View\\Engines\\CompilerEngine->handleViewException(Object(ErrorException), 2)
#1 /home4/livekhv2/public_html/vendor/laravel/framework/src/Illuminate/View/Engines/PhpEngine.php(60): Livewire\\Mechanisms\\ExtendBlade\\ExtendedCompilerEngine->handleViewException(Object(ErrorException), 2)
#2 /home4/livekhv2/public_html/vendor/livewire/livewire/src/Mechanisms/ExtendBlade/ExtendedCompilerEngine.php(22): Illuminate\\View\\Engines\\PhpEngine->evaluatePath('/home4/livekhv2...', Array)
#3 /home4/livekhv2/public_html/vendor/laravel/framework/src/Illuminate/View/Engines/CompilerEngine.php(75): Livewire\\Mechanisms\\ExtendBlade\\ExtendedCompilerEngine->evaluatePath('/home4/livekhv2...', Array)
#4 /home4/livekhv2/public_html/vendor/livewire/livewire/src/Mechanisms/ExtendBlade/ExtendedCompilerEngine.php(10): Illuminate\\View\\Engines\\CompilerEngine->get('/home4/livekhv2...', Array)
#5 /home4/livekhv2/public_html/vendor/laravel/framework/src/Illuminate/View/View.php(209): Livewire\\Mechanisms\\ExtendBlade\\ExtendedCompilerEngine->get('/home4/livekhv2...', Array)
#6 /home4/livekhv2/public_html/vendor/laravel/framework/src/Illuminate/View/View.php(192): Illuminate\\View\\View->getContents()
#7 /home4/livekhv2/public_html/vendor/laravel/framework/src/Illuminate/View/View.php(161): Illuminate\\View\\View->renderContents()
#8 /home4/livekhv2/public_html/storage/framework/views/a3dd9474e30a9104345c46b13f6a01cb.php(6): Illuminate\\View\\View->render()
#9 /home4/livekhv2/public_html/vendor/laravel/framework/src/Illuminate/Filesystem/Filesystem.php(123): require('/home4/livekhv2...')
#10 /home4/livekhv2/public_html/vendor/laravel/framework/src/Illuminate/Filesystem/Filesystem.php(124): Illuminate\\Filesystem\\Filesystem::Illuminate\\Filesystem\\{closure}()
#11 /home4/livekhv2/public_html/vendor/laravel/framework/src/Illuminate/View/Engines/PhpEngine.php(58): Illuminate\\Filesystem\\Filesystem->getRequire('/home4/livekhv2...', Array)
#12 /home4/livekhv2/public_html/vendor/livewire/livewire/src/Mechanisms/ExtendBlade/ExtendedCompilerEngine.php(22): Illuminate\\View\\Engines\\PhpEngine->evaluatePath('/home4/livekhv2...', Array)
#13 /home4/livekhv2/public_html/vendor/laravel/framework/src/Illuminate/View/Engines/CompilerEngine.php(75): Livewire\\Mechanisms\\ExtendBlade\\ExtendedCompilerEngine->evaluatePath('/home4/livekhv2...', Array)
#14 /home4/livekhv2/public_html/vendor/livewire/livewire/src/Mechanisms/ExtendBlade/ExtendedCompilerEngine.php(10): Illuminate\\View\\Engines\\CompilerEngine->get('/home4/livekhv2...', Array)
#15 /home4/livekhv2/public_html/vendor/laravel/framework/src/Illuminate/View/View.php(209): Livewire\\Mechanisms\\ExtendBlade\\ExtendedCompilerEngine->get('/home4/livekhv2...', Array)
#16 /home4/livekhv2/public_html/vendor/laravel/framework/src/Illuminate/View/View.php(192): Illuminate\\View\\View->getContents()
#17 /home4/livekhv2/public_html/vendor/laravel/framework/src/Illuminate/View/View.php(161): Illuminate\\View\\View->renderContents()
#18 /home4/livekhv2/public_html/storage/framework/views/0bbfefac8d5665b8324be88778b4eaaa.php(1): Illuminate\\View\\View->render()
#19 /home4/livekhv2/public_html/vendor/laravel/framework/src/Illuminate/Filesystem/Filesystem.php(123): require('/home4/livekhv2...')
#20 /home4/livekhv2/public_html/vendor/laravel/framework/src/Illuminate/Filesystem/Filesystem.php(124): Illuminate\\Filesystem\\Filesystem::Illuminate\\Filesystem\\{closure}()
#21 /home4/livekhv2/public_html/vendor/laravel/framework/src/Illuminate/View/Engines/PhpEngine.php(58): Illuminate\\Filesystem\\Filesystem->getRequire('/home4/livekhv2...', Array)
#22 /home4/livekhv2/public_html/vendor/livewire/livewire/src/Mechanisms/ExtendBlade/ExtendedCompilerEngine.php(22): Illuminate\\View\\Engines\\PhpEngine->evaluatePath('/home4/livekhv2...', Array)
#23 /home4/livekhv2/public_html/vendor/laravel/framework/src/Illuminate/View/Engines/CompilerEngine.php(75): Livewire\\Mechanisms\\ExtendBlade\\ExtendedCompilerEngine->evaluatePath('/home4/livekhv2...', Array)
#24 /home4/livekhv2/public_html/vendor/livewire/livewire/src/Mechanisms/ExtendBlade/ExtendedCompilerEngine.php(10): Illuminate\\View\\Engines\\CompilerEngine->get('/home4/livekhv2...', Array)
#25 /home4/livekhv2/public_html/vendor/laravel/framework/src/Illuminate/View/View.php(209): Livewire\\Mechanisms\\ExtendBlade\\ExtendedCompilerEngine->get('/home4/livekhv2...', Array)
#26 /home4/livekhv2/public_html/vendor/laravel/framework/src/Illuminate/View/View.php(192): Illuminate\\View\\View->getContents()
#27 /home4/livekhv2/public_html/vendor/laravel/framework/src/Illuminate/View/View.php(161): Illuminate\\View\\View->renderContents()
#28 /home4/livekhv2/public_html/vendor/laravel/framework/src/Illuminate/Http/Response.php(79): Illuminate\\View\\View->render()
#29 /home4/livekhv2/public_html/vendor/laravel/framework/src/Illuminate/Http/Response.php(35): Illuminate\\Http\\Response->setContent(Object(Illuminate\\View\\View))
#30 /home4/livekhv2/public_html/vendor/laravel/framework/src/Illuminate/Routing/ResponseFactory.php(58): Illuminate\\Http\\Response->__construct(Object(Illuminate\\View\\View), 500, Array)
#31 /home4/livekhv2/public_html/vendor/laravel/framework/src/Illuminate/Routing/ResponseFactory.php(88): Illuminate\\Routing\\ResponseFactory->make(Object(Illuminate\\View\\View), 500, Array)
#32 /home4/livekhv2/public_html/vendor/laravel/framework/src/Illuminate/Foundation/Exceptions/Handler.php(894): Illuminate\\Routing\\ResponseFactory->view('errors::500', Array, 500, Array)
#33 /home4/livekhv2/public_html/vendor/laravel/framework/src/Illuminate/Foundation/Exceptions/Handler.php(815): Illuminate\\Foundation\\Exceptions\\Handler->renderHttpException(Object(Symfony\\Component\\HttpKernel\\Exception\\HttpException))
#34 /home4/livekhv2/public_html/vendor/laravel/framework/src/Illuminate/Foundation/Exceptions/Handler.php(706): Illuminate\\Foundation\\Exceptions\\Handler->prepareResponse(Object(Illuminate\\Http\\Request), Object(Symfony\\Component\\HttpKernel\\Exception\\HttpException))
#35 /home4/livekhv2/public_html/vendor/laravel/framework/src/Illuminate/Foundation/Exceptions/Handler.php(594): Illuminate\\Foundation\\Exceptions\\Handler->renderExceptionResponse(Object(Illuminate\\Http\\Request), Object(Illuminate\\Encryption\\MissingAppKeyException))
#36 /home4/livekhv2/public_html/vendor/laravel/framework/src/Illuminate/Routing/Pipeline.php(51): Illuminate\\Foundation\\Exceptions\\Handler->render(Object(Illuminate\\Http\\Request), Object(Illuminate\\Encryption\\MissingAppKeyException))
#37 /home4/livekhv2/public_html/vendor/laravel/framework/src/Illuminate/Pipeline/Pipeline.php(188): Illuminate\\Routing\\Pipeline->handleException(Object(Illuminate\\Http\\Request), Object(Illuminate\\Encryption\\MissingAppKeyException))
#38 /home4/livekhv2/public_html/vendor/laravel/framework/src/Illuminate/Pipeline/Pipeline.php(119): Illuminate\\Pipeline\\Pipeline->Illuminate\\Pipeline\\{closure}(Object(Illuminate\\Http\\Request))
#39 /home4/livekhv2/public_html/vendor/laravel/framework/src/Illuminate/Routing/Router.php(807): Illuminate\\Pipeline\\Pipeline->then(Object(Closure))
#40 /home4/livekhv2/public_html/vendor/laravel/framework/src/Illuminate/Routing/Router.php(786): Illuminate\\Routing\\Router->runRouteWithinStack(Object(Illuminate\\Routing\\Route), Object(Illuminate\\Http\\Request))
#41 /home4/livekhv2/public_html/vendor/laravel/framework/src/Illuminate/Routing/Router.php(750): Illuminate\\Routing\\Router->runRoute(Object(Illuminate\\Http\\Request), Object(Illuminate\\Routing\\Route))
#42 /home4/livekhv2/public_html/vendor/laravel/framework/src/Illuminate/Routing/Router.php(739): Illuminate\\Routing\\Router->dispatchToRoute(Object(Illuminate\\Http\\Request))
#43 /home4/livekhv2/public_html/vendor/laravel/framework/src/Illuminate/Foundation/Http/Kernel.php(201): Illuminate\\Routing\\Router->dispatch(Object(Illuminate\\Http\\Request))
#44 /home4/livekhv2/public_html/vendor/laravel/framework/src/Illuminate/Pipeline/Pipeline.php(144): Illuminate\\Foundation\\Http\\Kernel->Illuminate\\Foundation\\Http\\{closure}(Object(Illuminate\\Http\\Request))
#45 /home4/livekhv2/public_html/vendor/livewire/livewire/src/Features/SupportDisablingBackButtonCache/DisableBackButtonCacheMiddleware.php(19): Illuminate\\Pipeline\\Pipeline->Illuminate\\Pipeline\\{closure}(Object(Illuminate\\Http\\Request))
#46 /home4/livekhv2/public_html/vendor/laravel/framework/src/Illuminate/Pipeline/Pipeline.php(183): Livewire\\Features\\SupportDisablingBackButtonCache\\DisableBackButtonCacheMiddleware->handle(Object(Illuminate\\Http\\Request), Object(Closure))
#47 /home4/livekhv2/public_html/vendor/laravel/framework/src/Illuminate/Foundation/Http/Middleware/TransformsRequest.php(21): Illuminate\\Pipeline\\Pipeline->Illuminate\\Pipeline\\{closure}(Object(Illuminate\\Http\\Request))
#48 /home4/livekhv2/public_html/vendor/laravel/framework/src/Illuminate/Foundation/Http/Middleware/ConvertEmptyStringsToNull.php(31): Illuminate\\Foundation\\Http\\Middleware\\TransformsRequest->handle(Object(Illuminate\\Http\\Request), Object(Closure))
#49 /home4/livekhv2/public_html/vendor/laravel/framework/src/Illuminate/Pipeline/Pipeline.php(183): Illuminate\\Foundation\\Http\\Middleware\\ConvertEmptyStringsToNull->handle(Object(Illuminate\\Http\\Request), Object(Closure))
#50 /home4/livekhv2/public_html/vendor/laravel/framework/src/Illuminate/Foundation/Http/Middleware/TransformsRequest.php(21): Illuminate\\Pipeline\\Pipeline->Illuminate\\Pipeline\\{closure}(Object(Illuminate\\Http\\Request))
#51 /home4/livekhv2/public_html/vendor/laravel/framework/src/Illuminate/Foundation/Http/Middleware/TrimStrings.php(51): Illuminate\\Foundation\\Http\\Middleware\\TransformsRequest->handle(Object(Illuminate\\Http\\Request), Object(Closure))
#52 /home4/livekhv2/public_html/vendor/laravel/framework/src/Illuminate/Pipeline/Pipeline.php(183): Illuminate\\Foundation\\Http\\Middleware\\TrimStrings->handle(Object(Illuminate\\Http\\Request), Object(Closure))
#53 /home4/livekhv2/public_html/vendor/laravel/framework/src/Illuminate/Http/Middleware/ValidatePostSize.php(27): Illuminate\\Pipeline\\Pipeline->Illuminate\\Pipeline\\{closure}(Object(Illuminate\\Http\\Request))
#54 /home4/livekhv2/public_html/vendor/laravel/framework/src/Illuminate/Pipeline/Pipeline.php(183): Illuminate\\Http\\Middleware\\ValidatePostSize->handle(Object(Illuminate\\Http\\Request), Object(Closure))
#55 /home4/livekhv2/public_html/vendor/laravel/framework/src/Illuminate/Foundation/Http/Middleware/PreventRequestsDuringMaintenance.php(110): Illuminate\\Pipeline\\Pipeline->Illuminate\\Pipeline\\{closure}(Object(Illuminate\\Http\\Request))
#56 /home4/livekhv2/public_html/vendor/laravel/framework/src/Illuminate/Pipeline/Pipeline.php(183): Illuminate\\Foundation\\Http\\Middleware\\PreventRequestsDuringMaintenance->handle(Object(Illuminate\\Http\\Request), Object(Closure))
#57 /home4/livekhv2/public_html/vendor/laravel/framework/src/Illuminate/Http/Middleware/HandleCors.php(49): Illuminate\\Pipeline\\Pipeline->Illuminate\\Pipeline\\{closure}(Object(Illuminate\\Http\\Request))
#58 /home4/livekhv2/public_html/vendor/laravel/framework/src/Illuminate/Pipeline/Pipeline.php(183): Illuminate\\Http\\Middleware\\HandleCors->handle(Object(Illuminate\\Http\\Request), Object(Closure))
#59 /home4/livekhv2/public_html/vendor/laravel/framework/src/Illuminate/Http/Middleware/TrustProxies.php(58): Illuminate\\Pipeline\\Pipeline->Illuminate\\Pipeline\\{closure}(Object(Illuminate\\Http\\Request))
#60 /home4/livekhv2/public_html/vendor/laravel/framework/src/Illuminate/Pipeline/Pipeline.php(183): Illuminate\\Http\\Middleware\\TrustProxies->handle(Object(Illuminate\\Http\\Request), Object(Closure))
#61 /home4/livekhv2/public_html/vendor/laravel/framework/src/Illuminate/Pipeline/Pipeline.php(119): Illuminate\\Pipeline\\Pipeline->Illuminate\\Pipeline\\{closure}(Object(Illuminate\\Http\\Request))
#62 /home4/livekhv2/public_html/vendor/laravel/framework/src/Illuminate/Foundation/Http/Kernel.php(176): Illuminate\\Pipeline\\Pipeline->then(Object(Closure))
#63 /home4/livekhv2/public_html/vendor/laravel/framework/src/Illuminate/Foundation/Http/Kernel.php(145): Illuminate\\Foundation\\Http\\Kernel->sendRequestThroughRouter(Object(Illuminate\\Http\\Request))
#64 /home4/livekhv2/public_html/index.php(51): Illuminate\\Foundation\\Http\\Kernel->handle(Object(Illuminate\\Http\\Request))
#65 {main}

[previous exception] [object] (ErrorException(code: 0): Attempt to read property \"favicon_driver\" on null at /home4/livekhv2/public_html/storage/framework/views/9c0a7a1dc92d0624890d37a42eb7b6ae.php:9)
[stacktrace]
#0 /home4/livekhv2/public_html/vendor/laravel/framework/src/Illuminate/Foundation/Bootstrap/HandleExceptions.php(290): Illuminate\\Foundation\\Bootstrap\\HandleExceptions->handleError(2, 'Attempt to read...', '/home4/livekhv2...', 9)
#1 /home4/livekhv2/public_html/storage/framework/views/9c0a7a1dc92d0624890d37a42eb7b6ae.php(9): Illuminate\\Foundation\\Bootstrap\\HandleExceptions->Illuminate\\Foundation\\Bootstrap\\{closure}(2, 'Attempt to read...', '/home4/livekhv2...', 9)
#2 /home4/livekhv2/public_html/vendor/laravel/framework/src/Illuminate/Filesystem/Filesystem.php(123): require('/home4/livekhv2...')
#3 /home4/livekhv2/public_html/vendor/laravel/framework/src/Illuminate/Filesystem/Filesystem.php(124): Illuminate\\Filesystem\\Filesystem::Illuminate\\Filesystem\\{closure}()
#4 /home4/livekhv2/public_html/vendor/laravel/framework/src/Illuminate/View/Engines/PhpEngine.php(58): Illuminate\\Filesystem\\Filesystem->getRequire('/home4/livekhv2...', Array)
#5 /home4/livekhv2/public_html/vendor/livewire/livewire/src/Mechanisms/ExtendBlade/ExtendedCompilerEngine.php(22): Illuminate\\View\\Engines\\PhpEngine->evaluatePath('/home4/livekhv2...', Array)
#6 /home4/livekhv2/public_html/vendor/laravel/framework/src/Illuminate/View/Engines/CompilerEngine.php(75): Livewire\\Mechanisms\\ExtendBlade\\ExtendedCompilerEngine->evaluatePath('/home4/livekhv2...', Array)
#7 /home4/livekhv2/public_html/vendor/livewire/livewire/src/Mechanisms/ExtendBlade/ExtendedCompilerEngine.php(10): Illuminate\\View\\Engines\\CompilerEngine->get('/home4/livekhv2...', Array)
#8 /home4/livekhv2/public_html/vendor/laravel/framework/src/Illuminate/View/View.php(209): Livewire\\Mechanisms\\ExtendBlade\\ExtendedCompilerEngine->get('/home4/livekhv2...', Array)
#9 /home4/livekhv2/public_html/vendor/laravel/framework/src/Illuminate/View/View.php(192): Illuminate\\View\\View->getContents()
#10 /home4/livekhv2/public_html/vendor/laravel/framework/src/Illuminate/View/View.php(161): Illuminate\\View\\View->renderContents()
#11 /home4/livekhv2/public_html/storage/framework/views/a3dd9474e30a9104345c46b13f6a01cb.php(6): Illuminate\\View\\View->render()
#12 /home4/livekhv2/public_html/vendor/laravel/framework/src/Illuminate/Filesystem/Filesystem.php(123): require('/home4/livekhv2...')
#13 /home4/livekhv2/public_html/vendor/laravel/framework/src/Illuminate/Filesystem/Filesystem.php(124): Illuminate\\Filesystem\\Filesystem::Illuminate\\Filesystem\\{closure}()
#14 /home4/livekhv2/public_html/vendor/laravel/framework/src/Illuminate/View/Engines/PhpEngine.php(58): Illuminate\\Filesystem\\Filesystem->getRequire('/home4/livekhv2...', Array)
#15 /home4/livekhv2/public_html/vendor/livewire/livewire/src/Mechanisms/ExtendBlade/ExtendedCompilerEngine.php(22): Illuminate\\View\\Engines\\PhpEngine->evaluatePath('/home4/livekhv2...', Array)
#16 /home4/livekhv2/public_html/vendor/laravel/framework/src/Illuminate/View/Engines/CompilerEngine.php(75): Livewire\\Mechanisms\\ExtendBlade\\ExtendedCompilerEngine->evaluatePath('/home4/livekhv2...', Array)
#17 /home4/livekhv2/public_html/vendor/livewire/livewire/src/Mechanisms/ExtendBlade/ExtendedCompilerEngine.php(10): Illuminate\\View\\Engines\\CompilerEngine->get('/home4/livekhv2...', Array)
#18 /home4/livekhv2/public_html/vendor/laravel/framework/src/Illuminate/View/View.php(209): Livewire\\Mechanisms\\ExtendBlade\\ExtendedCompilerEngine->get('/home4/livekhv2...', Array)
#19 /home4/livekhv2/public_html/vendor/laravel/framework/src/Illuminate/View/View.php(192): Illuminate\\View\\View->getContents()
#20 /home4/livekhv2/public_html/vendor/laravel/framework/src/Illuminate/View/View.php(161): Illuminate\\View\\View->renderContents()
#21 /home4/livekhv2/public_html/storage/framework/views/0bbfefac8d5665b8324be88778b4eaaa.php(1): Illuminate\\View\\View->render()
#22 /home4/livekhv2/public_html/vendor/laravel/framework/src/Illuminate/Filesystem/Filesystem.php(123): require('/home4/livekhv2...')
#23 /home4/livekhv2/public_html/vendor/laravel/framework/src/Illuminate/Filesystem/Filesystem.php(124): Illuminate\\Filesystem\\Filesystem::Illuminate\\Filesystem\\{closure}()
#24 /home4/livekhv2/public_html/vendor/laravel/framework/src/Illuminate/View/Engines/PhpEngine.php(58): Illuminate\\Filesystem\\Filesystem->getRequire('/home4/livekhv2...', Array)
#25 /home4/livekhv2/public_html/vendor/livewire/livewire/src/Mechanisms/ExtendBlade/ExtendedCompilerEngine.php(22): Illuminate\\View\\Engines\\PhpEngine->evaluatePath('/home4/livekhv2...', Array)
#26 /home4/livekhv2/public_html/vendor/laravel/framework/src/Illuminate/View/Engines/CompilerEngine.php(75): Livewire\\Mechanisms\\ExtendBlade\\ExtendedCompilerEngine->evaluatePath('/home4/livekhv2...', Array)
#27 /home4/livekhv2/public_html/vendor/livewire/livewire/src/Mechanisms/ExtendBlade/ExtendedCompilerEngine.php(10): Illuminate\\View\\Engines\\CompilerEngine->get('/home4/livekhv2...', Array)
#28 /home4/livekhv2/public_html/vendor/laravel/framework/src/Illuminate/View/View.php(209): Livewire\\Mechanisms\\ExtendBlade\\ExtendedCompilerEngine->get('/home4/livekhv2...', Array)
#29 /home4/livekhv2/public_html/vendor/laravel/framework/src/Illuminate/View/View.php(192): Illuminate\\View\\View->getContents()
#30 /home4/livekhv2/public_html/vendor/laravel/framework/src/Illuminate/View/View.php(161): Illuminate\\View\\View->renderContents()
#31 /home4/livekhv2/public_html/vendor/laravel/framework/src/Illuminate/Http/Response.php(79): Illuminate\\View\\View->render()
#32 /home4/livekhv2/public_html/vendor/laravel/framework/src/Illuminate/Http/Response.php(35): Illuminate\\Http\\Response->setContent(Object(Illuminate\\View\\View))
#33 /home4/livekhv2/public_html/vendor/laravel/framework/src/Illuminate/Routing/ResponseFactory.php(58): Illuminate\\Http\\Response->__construct(Object(Illuminate\\View\\View), 500, Array)
#34 /home4/livekhv2/public_html/vendor/laravel/framework/src/Illuminate/Routing/ResponseFactory.php(88): Illuminate\\Routing\\ResponseFactory->make(Object(Illuminate\\View\\View), 500, Array)
#35 /home4/livekhv2/public_html/vendor/laravel/framework/src/Illuminate/Foundation/Exceptions/Handler.php(894): Illuminate\\Routing\\ResponseFactory->view('errors::500', Array, 500, Array)
#36 /home4/livekhv2/public_html/vendor/laravel/framework/src/Illuminate/Foundation/Exceptions/Handler.php(815): Illuminate\\Foundation\\Exceptions\\Handler->renderHttpException(Object(Symfony\\Component\\HttpKernel\\Exception\\HttpException))
#37 /home4/livekhv2/public_html/vendor/laravel/framework/src/Illuminate/Foundation/Exceptions/Handler.php(706): Illuminate\\Foundation\\Exceptions\\Handler->prepareResponse(Object(Illuminate\\Http\\Request), Object(Symfony\\Component\\HttpKernel\\Exception\\HttpException))
#38 /home4/livekhv2/public_html/vendor/laravel/framework/src/Illuminate/Foundation/Exceptions/Handler.php(594): Illuminate\\Foundation\\Exceptions\\Handler->renderExceptionResponse(Object(Illuminate\\Http\\Request), Object(Illuminate\\Encryption\\MissingAppKeyException))
#39 /home4/livekhv2/public_html/vendor/laravel/framework/src/Illuminate/Routing/Pipeline.php(51): Illuminate\\Foundation\\Exceptions\\Handler->render(Object(Illuminate\\Http\\Request), Object(Illuminate\\Encryption\\MissingAppKeyException))
#40 /home4/livekhv2/public_html/vendor/laravel/framework/src/Illuminate/Pipeline/Pipeline.php(188): Illuminate\\Routing\\Pipeline->handleException(Object(Illuminate\\Http\\Request), Object(Illuminate\\Encryption\\MissingAppKeyException))
#41 /home4/livekhv2/public_html/vendor/laravel/framework/src/Illuminate/Pipeline/Pipeline.php(119): Illuminate\\Pipeline\\Pipeline->Illuminate\\Pipeline\\{closure}(Object(Illuminate\\Http\\Request))
#42 /home4/livekhv2/public_html/vendor/laravel/framework/src/Illuminate/Routing/Router.php(807): Illuminate\\Pipeline\\Pipeline->then(Object(Closure))
#43 /home4/livekhv2/public_html/vendor/laravel/framework/src/Illuminate/Routing/Router.php(786): Illuminate\\Routing\\Router->runRouteWithinStack(Object(Illuminate\\Routing\\Route), Object(Illuminate\\Http\\Request))
#44 /home4/livekhv2/public_html/vendor/laravel/framework/src/Illuminate/Routing/Router.php(750): Illuminate\\Routing\\Router->runRoute(Object(Illuminate\\Http\\Request), Object(Illuminate\\Routing\\Route))
#45 /home4/livekhv2/public_html/vendor/laravel/framework/src/Illuminate/Routing/Router.php(739): Illuminate\\Routing\\Router->dispatchToRoute(Object(Illuminate\\Http\\Request))
#46 /home4/livekhv2/public_html/vendor/laravel/framework/src/Illuminate/Foundation/Http/Kernel.php(201): Illuminate\\Routing\\Router->dispatch(Object(Illuminate\\Http\\Request))
#47 /home4/livekhv2/public_html/vendor/laravel/framework/src/Illuminate/Pipeline/Pipeline.php(144): Illuminate\\Foundation\\Http\\Kernel->Illuminate\\Foundation\\Http\\{closure}(Object(Illuminate\\Http\\Request))
#48 /home4/livekhv2/public_html/vendor/livewire/livewire/src/Features/SupportDisablingBackButtonCache/DisableBackButtonCacheMiddleware.php(19): Illuminate\\Pipeline\\Pipeline->Illuminate\\Pipeline\\{closure}(Object(Illuminate\\Http\\Request))
#49 /home4/livekhv2/public_html/vendor/laravel/framework/src/Illuminate/Pipeline/Pipeline.php(183): Livewire\\Features\\SupportDisablingBackButtonCache\\DisableBackButtonCacheMiddleware->handle(Object(Illuminate\\Http\\Request), Object(Closure))
#50 /home4/livekhv2/public_html/vendor/laravel/framework/src/Illuminate/Foundation/Http/Middleware/TransformsRequest.php(21): Illuminate\\Pipeline\\Pipeline->Illuminate\\Pipeline\\{closure}(Object(Illuminate\\Http\\Request))
#51 /home4/livekhv2/public_html/vendor/laravel/framework/src/Illuminate/Foundation/Http/Middleware/ConvertEmptyStringsToNull.php(31): Illuminate\\Foundation\\Http\\Middleware\\TransformsRequest->handle(Object(Illuminate\\Http\\Request), Object(Closure))
#52 /home4/livekhv2/public_html/vendor/laravel/framework/src/Illuminate/Pipeline/Pipeline.php(183): Illuminate\\Foundation\\Http\\Middleware\\ConvertEmptyStringsToNull->handle(Object(Illuminate\\Http\\Request), Object(Closure))
#53 /home4/livekhv2/public_html/vendor/laravel/framework/src/Illuminate/Foundation/Http/Middleware/TransformsRequest.php(21): Illuminate\\Pipeline\\Pipeline->Illuminate\\Pipeline\\{closure}(Object(Illuminate\\Http\\Request))
#54 /home4/livekhv2/public_html/vendor/laravel/framework/src/Illuminate/Foundation/Http/Middleware/TrimStrings.php(51): Illuminate\\Foundation\\Http\\Middleware\\TransformsRequest->handle(Object(Illuminate\\Http\\Request), Object(Closure))
#55 /home4/livekhv2/public_html/vendor/laravel/framework/src/Illuminate/Pipeline/Pipeline.php(183): Illuminate\\Foundation\\Http\\Middleware\\TrimStrings->handle(Object(Illuminate\\Http\\Request), Object(Closure))
#56 /home4/livekhv2/public_html/vendor/laravel/framework/src/Illuminate/Http/Middleware/ValidatePostSize.php(27): Illuminate\\Pipeline\\Pipeline->Illuminate\\Pipeline\\{closure}(Object(Illuminate\\Http\\Request))
#57 /home4/livekhv2/public_html/vendor/laravel/framework/src/Illuminate/Pipeline/Pipeline.php(183): Illuminate\\Http\\Middleware\\ValidatePostSize->handle(Object(Illuminate\\Http\\Request), Object(Closure))
#58 /home4/livekhv2/public_html/vendor/laravel/framework/src/Illuminate/Foundation/Http/Middleware/PreventRequestsDuringMaintenance.php(110): Illuminate\\Pipeline\\Pipeline->Illuminate\\Pipeline\\{closure}(Object(Illuminate\\Http\\Request))
#59 /home4/livekhv2/public_html/vendor/laravel/framework/src/Illuminate/Pipeline/Pipeline.php(183): Illuminate\\Foundation\\Http\\Middleware\\PreventRequestsDuringMaintenance->handle(Object(Illuminate\\Http\\Request), Object(Closure))
#60 /home4/livekhv2/public_html/vendor/laravel/framework/src/Illuminate/Http/Middleware/HandleCors.php(49): Illuminate\\Pipeline\\Pipeline->Illuminate\\Pipeline\\{closure}(Object(Illuminate\\Http\\Request))
#61 /home4/livekhv2/public_html/vendor/laravel/framework/src/Illuminate/Pipeline/Pipeline.php(183): Illuminate\\Http\\Middleware\\HandleCors->handle(Object(Illuminate\\Http\\Request), Object(Closure))
#62 /home4/livekhv2/public_html/vendor/laravel/framework/src/Illuminate/Http/Middleware/TrustProxies.php(58): Illuminate\\Pipeline\\Pipeline->Illuminate\\Pipeline\\{closure}(Object(Illuminate\\Http\\Request))
#63 /home4/livekhv2/public_html/vendor/laravel/framework/src/Illuminate/Pipeline/Pipeline.php(183): Illuminate\\Http\\Middleware\\TrustProxies->handle(Object(Illuminate\\Http\\Request), Object(Closure))
#64 /home4/livekhv2/public_html/vendor/laravel/framework/src/Illuminate/Pipeline/Pipeline.php(119): Illuminate\\Pipeline\\Pipeline->Illuminate\\Pipeline\\{closure}(Object(Illuminate\\Http\\Request))
#65 /home4/livekhv2/public_html/vendor/laravel/framework/src/Illuminate/Foundation/Http/Kernel.php(176): Illuminate\\Pipeline\\Pipeline->then(Object(Closure))
#66 /home4/livekhv2/public_html/vendor/laravel/framework/src/Illuminate/Foundation/Http/Kernel.php(145): Illuminate\\Foundation\\Http\\Kernel->sendRequestThroughRouter(Object(Illuminate\\Http\\Request))
#67 /home4/livekhv2/public_html/index.php(51): Illuminate\\Foundation\\Http\\Kernel->handle(Object(Illuminate\\Http\\Request))
#68 {main}
"} 
[2026-06-18 13:35:19] production.ERROR: No application encryption key has been specified. {"exception":"[object] (Illuminate\\Encryption\\MissingAppKeyException(code: 0): No application encryption key has been specified. at /home4/livekhv2/public_html/vendor/laravel/framework/src/Illuminate/Encryption/EncryptionServiceProvider.php:83)
[stacktrace]
#0 /home4/livekhv2/public_html/vendor/laravel/framework/src/Illuminate/Support/helpers.php(399): Illuminate\\Encryption\\EncryptionServiceProvider->Illuminate\\Encryption\\{closure}(NULL)
#1 /home4/livekhv2/public_html/vendor/laravel/framework/src/Illuminate/Encryption/EncryptionServiceProvider.php(81): tap(NULL, Object(Closure))
#2 /home4/livekhv2/public_html/vendor/laravel/framework/src/Illuminate/Encryption/EncryptionServiceProvider.php(64): Illuminate\\Encryption\\EncryptionServiceProvider->key(Array)
#3 /home4/livekhv2/public_html/vendor/laravel/framework/src/Illuminate/Encryption/EncryptionServiceProvider.php(32): Illuminate\\Encryption\\EncryptionServiceProvider->parseKey(Array)
#4 /home4/livekhv2/public_html/vendor/laravel/framework/src/Illuminate/Container/Container.php(937): Illuminate\\Encryption\\EncryptionServiceProvider->Illuminate\\Encryption\\{closure}(Object(Illuminate\\Foundation\\Application), Array)
#5 /home4/livekhv2/public_html/vendor/laravel/framework/src/Illuminate/Container/Container.php(819): Illuminate\\Container\\Container->build(Object(Closure))
#6 /home4/livekhv2/public_html/vendor/laravel/framework/src/Illuminate/Foundation/Application.php(1048): Illuminate\\Container\\Container->resolve('encrypter', Array, true)
#7 /home4/livekhv2/public_html/vendor/laravel/framework/src/Illuminate/Container/Container.php(755): Illuminate\\Foundation\\Application->resolve('encrypter', Array)
#8 /home4/livekhv2/public_html/vendor/laravel/framework/src/Illuminate/Foundation/Application.php(1030): Illuminate\\Container\\Container->make('encrypter', Array)
#9 /home4/livekhv2/public_html/vendor/laravel/framework/src/Illuminate/Container/Container.php(1118): Illuminate\\Foundation\\Application->make('encrypter')
#10 /home4/livekhv2/public_html/vendor/laravel/framework/src/Illuminate/Container/Container.php(1028): Illuminate\\Container\\Container->resolveClass(Object(ReflectionParameter))
#11 /home4/livekhv2/public_html/vendor/laravel/framework/src/Illuminate/Container/Container.php(979): Illuminate\\Container\\Container->resolveDependencies(Array)
#12 /home4/livekhv2/public_html/vendor/laravel/framework/src/Illuminate/Container/Container.php(819): Illuminate\\Container\\Container->build('App\\\\Http\\\\Middle...')
#13 /home4/livekhv2/public_html/vendor/laravel/framework/src/Illuminate/Foundation/Application.php(1048): Illuminate\\Container\\Container->resolve('App\\\\Http\\\\Middle...', Array, true)
#14 /home4/livekhv2/public_html/vendor/laravel/framework/src/Illuminate/Container/Container.php(755): Illuminate\\Foundation\\Application->resolve('App\\\\Http\\\\Middle...', Array)
#15 /home4/livekhv2/public_html/vendor/laravel/framework/src/Illuminate/Foundation/Application.php(1030): Illuminate\\Container\\Container->make('App\\\\Http\\\\Middle...', Array)
#16 /home4/livekhv2/public_html/vendor/laravel/framework/src/Illuminate/Foundation/Http/Kernel.php(258): Illuminate\\Foundation\\Application->make('App\\\\Http\\\\Middle...')
#17 /home4/livekhv2/public_html/vendor/laravel/framework/src/Illuminate/Foundation/Http/Kernel.php(216): Illuminate\\Foundation\\Http\\Kernel->terminateMiddleware(Object(Illuminate\\Http\\Request), Object(Illuminate\\Http\\Response))
#18 /home4/livekhv2/public_html/index.php(55): Illuminate\\Foundation\\Http\\Kernel->terminate(Object(Illuminate\\Http\\Request), Object(Illuminate\\Http\\Response))
#19 {main}
"} 
[2026-06-18 13:35:19] production.ERROR: Attempt to read property "favicon_driver" on null (View: /home4/livekhv2/public_html/resources/views/layouts/error.blade.php) (View: /home4/livekhv2/public_html/resources/views/layouts/error.blade.php) (View: /home4/livekhv2/public_html/resources/views/layouts/error.blade.php) {"exception":"[object] (Illuminate\\View\\ViewException(code: 0): Attempt to read property \"favicon_driver\" on null (View: /home4/livekhv2/public_html/resources/views/layouts/error.blade.php) (View: /home4/livekhv2/public_html/resources/views/layouts/error.blade.php) (View: /home4/livekhv2/public_html/resources/views/layouts/error.blade.php) at /home4/livekhv2/public_html/storage/framework/views/9c0a7a1dc92d0624890d37a42eb7b6ae.php:9)
[stacktrace]
#0 /home4/livekhv2/public_html/vendor/livewire/livewire/src/Mechanisms/ExtendBlade/ExtendedCompilerEngine.php(58): Illuminate\\View\\Engines\\CompilerEngine->handleViewException(Object(Illuminate\\View\\ViewException), 0)
#1 /home4/livekhv2/public_html/vendor/laravel/framework/src/Illuminate/View/Engines/PhpEngine.php(60): Livewire\\Mechanisms\\ExtendBlade\\ExtendedCompilerEngine->handleViewException(Object(Illuminate\\View\\ViewException), 0)
#2 /home4/livekhv2/public_html/vendor/livewire/livewire/src/Mechanisms/ExtendBlade/ExtendedCompilerEngine.php(22): Illuminate\\View\\Engines\\PhpEngine->evaluatePath('/home4/livekhv2...', Array)
#3 /home4/livekhv2/public_html/vendor/laravel/framework/src/Illuminate/View/Engines/CompilerEngine.php(75): Livewire\\Mechanisms\\ExtendBlade\\ExtendedCompilerEngine->evaluatePath('/home4/livekhv2...', Array)
#4 /home4/livekhv2/public_html/vendor/livewire/livewire/src/Mechanisms/ExtendBlade/ExtendedCompilerEngine.php(10): Illuminate\\View\\Engines\\CompilerEngine->get('/home4/livekhv2...', Array)
#5 /home4/livekhv2/public_html/vendor/laravel/framework/src/Illuminate/View/View.php(209): Livewire\\Mechanisms\\ExtendBlade\\ExtendedCompilerEngine->get('/home4/livekhv2...', Array)
#6 /home4/livekhv2/public_html/vendor/laravel/framework/src/Illuminate/View/View.php(192): Illuminate\\View\\View->getContents()
#7 /home4/livekhv2/public_html/vendor/laravel/framework/src/Illuminate/View/View.php(161): Illuminate\\View\\View->renderContents()
#8 /home4/livekhv2/public_html/vendor/laravel/framework/src/Illuminate/Http/Response.php(79): Illuminate\\View\\View->render()
#9 /home4/livekhv2/public_html/vendor/laravel/framework/src/Illuminate/Http/Response.php(35): Illuminate\\Http\\Response->setContent(Object(Illuminate\\View\\View))
#10 /home4/livekhv2/public_html/vendor/laravel/framework/src/Illuminate/Routing/ResponseFactory.php(58): Illuminate\\Http\\Response->__construct(Object(Illuminate\\View\\View), 500, Array)
#11 /home4/livekhv2/public_html/vendor/laravel/framework/src/Illuminate/Routing/ResponseFactory.php(88): Illuminate\\Routing\\ResponseFactory->make(Object(Illuminate\\View\\View), 500, Array)
#12 /home4/livekhv2/public_html/vendor/laravel/framework/src/Illuminate/Foundation/Exceptions/Handler.php(894): Illuminate\\Routing\\ResponseFactory->view('errors::500', Array, 500, Array)
#13 /home4/livekhv2/public_html/vendor/laravel/framework/src/Illuminate/Foundation/Exceptions/Handler.php(815): Illuminate\\Foundation\\Exceptions\\Handler->renderHttpException(Object(Symfony\\Component\\HttpKernel\\Exception\\HttpException))
#14 /home4/livekhv2/public_html/vendor/laravel/framework/src/Illuminate/Foundation/Exceptions/Handler.php(706): Illuminate\\Foundation\\Exceptions\\Handler->prepareResponse(Object(Illuminate\\Http\\Request), Object(Symfony\\Component\\HttpKernel\\Exception\\HttpException))
#15 /home4/livekhv2/public_html/vendor/laravel/framework/src/Illuminate/Foundation/Exceptions/Handler.php(594): Illuminate\\Foundation\\Exceptions\\Handler->renderExceptionResponse(Object(Illuminate\\Http\\Request), Object(Illuminate\\Encryption\\MissingAppKeyException))
#16 /home4/livekhv2/public_html/vendor/laravel/framework/src/Illuminate/Foundation/Bootstrap/HandleExceptions.php(225): Illuminate\\Foundation\\Exceptions\\Handler->render(Object(Illuminate\\Http\\Request), Object(Illuminate\\Encryption\\MissingAppKeyException))
#17 /home4/livekhv2/public_html/vendor/laravel/framework/src/Illuminate/Foundation/Bootstrap/HandleExceptions.php(202): Illuminate\\Foundation\\Bootstrap\\HandleExceptions->renderHttpResponse(Object(Illuminate\\Encryption\\MissingAppKeyException))
#18 /home4/livekhv2/public_html/vendor/laravel/framework/src/Illuminate/Foundation/Bootstrap/HandleExceptions.php(290): Illuminate\\Foundation\\Bootstrap\\HandleExceptions->handleException(Object(Illuminate\\Encryption\\MissingAppKeyException))
#19 [internal function]: Illuminate\\Foundation\\Bootstrap\\HandleExceptions->Illuminate\\Foundation\\Bootstrap\\{closure}(Object(Illuminate\\Encryption\\MissingAppKeyException))
#20 {main}

[previous exception] [object] (Illuminate\\View\\ViewException(code: 0): Attempt to read property \"favicon_driver\" on null (View: /home4/livekhv2/public_html/resources/views/layouts/error.blade.php) (View: /home4/livekhv2/public_html/resources/views/layouts/error.blade.php) at /home4/livekhv2/public_html/storage/framework/views/9c0a7a1dc92d0624890d37a42eb7b6ae.php:9)
[stacktrace]
#0 /home4/livekhv2/public_html/vendor/livewire/livewire/src/Mechanisms/ExtendBlade/ExtendedCompilerEngine.php(58): Illuminate\\View\\Engines\\CompilerEngine->handleViewException(Object(Illuminate\\View\\ViewException), 1)
#1 /home4/livekhv2/public_html/vendor/laravel/framework/src/Illuminate/View/Engines/PhpEngine.php(60): Livewire\\Mechanisms\\ExtendBlade\\ExtendedCompilerEngine->handleViewException(Object(Illuminate\\View\\ViewException), 1)
#2 /home4/livekhv2/public_html/vendor/livewire/livewire/src/Mechanisms/ExtendBlade/ExtendedCompilerEngine.php(22): Illuminate\\View\\Engines\\PhpEngine->evaluatePath('/home4/livekhv2...', Array)
#3 /home4/livekhv2/public_html/vendor/laravel/framework/src/Illuminate/View/Engines/CompilerEngine.php(75): Livewire\\Mechanisms\\ExtendBlade\\ExtendedCompilerEngine->evaluatePath('/home4/livekhv2...', Array)
#4 /home4/livekhv2/public_html/vendor/livewire/livewire/src/Mechanisms/ExtendBlade/ExtendedCompilerEngine.php(10): Illuminate\\View\\Engines\\CompilerEngine->get('/home4/livekhv2...', Array)
#5 /home4/livekhv2/public_html/vendor/laravel/framework/src/Illuminate/View/View.php(209): Livewire\\Mechanisms\\ExtendBlade\\ExtendedCompilerEngine->get('/home4/livekhv2...', Array)
#6 /home4/livekhv2/public_html/vendor/laravel/framework/src/Illuminate/View/View.php(192): Illuminate\\View\\View->getContents()
#7 /home4/livekhv2/public_html/vendor/laravel/framework/src/Illuminate/View/View.php(161): Illuminate\\View\\View->renderContents()
#8 /home4/livekhv2/public_html/storage/framework/views/0bbfefac8d5665b8324be88778b4eaaa.php(1): Illuminate\\View\\View->render()
#9 /home4/livekhv2/public_html/vendor/laravel/framework/src/Illuminate/Filesystem/Filesystem.php(123): require('/home4/livekhv2...')
#10 /home4/livekhv2/public_html/vendor/laravel/framework/src/Illuminate/Filesystem/Filesystem.php(124): Illuminate\\Filesystem\\Filesystem::Illuminate\\Filesystem\\{closure}()
#11 /home4/livekhv2/public_html/vendor/laravel/framework/src/Illuminate/View/Engines/PhpEngine.php(58): Illuminate\\Filesystem\\Filesystem->getRequire('/home4/livekhv2...', Array)
#12 /home4/livekhv2/public_html/vendor/livewire/livewire/src/Mechanisms/ExtendBlade/ExtendedCompilerEngine.php(22): Illuminate\\View\\Engines\\PhpEngine->evaluatePath('/home4/livekhv2...', Array)
#13 /home4/livekhv2/public_html/vendor/laravel/framework/src/Illuminate/View/Engines/CompilerEngine.php(75): Livewire\\Mechanisms\\ExtendBlade\\ExtendedCompilerEngine->evaluatePath('/home4/livekhv2...', Array)
#14 /home4/livekhv2/public_html/vendor/livewire/livewire/src/Mechanisms/ExtendBlade/ExtendedCompilerEngine.php(10): Illuminate\\View\\Engines\\CompilerEngine->get('/home4/livekhv2...', Array)
#15 /home4/livekhv2/public_html/vendor/laravel/framework/src/Illuminate/View/View.php(209): Livewire\\Mechanisms\\ExtendBlade\\ExtendedCompilerEngine->get('/home4/livekhv2...', Array)
#16 /home4/livekhv2/public_html/vendor/laravel/framework/src/Illuminate/View/View.php(192): Illuminate\\View\\View->getContents()
#17 /home4/livekhv2/public_html/vendor/laravel/framework/src/Illuminate/View/View.php(161): Illuminate\\View\\View->renderContents()
#18 /home4/livekhv2/public_html/vendor/laravel/framework/src/Illuminate/Http/Response.php(79): Illuminate\\View\\View->render()
#19 /home4/livekhv2/public_html/vendor/laravel/framework/src/Illuminate/Http/Response.php(35): Illuminate\\Http\\Response->setContent(Object(Illuminate\\View\\View))
#20 /home4/livekhv2/public_html/vendor/laravel/framework/src/Illuminate/Routing/ResponseFactory.php(58): Illuminate\\Http\\Response->__construct(Object(Illuminate\\View\\View), 500, Array)
#21 /home4/livekhv2/public_html/vendor/laravel/framework/src/Illuminate/Routing/ResponseFactory.php(88): Illuminate\\Routing\\ResponseFactory->make(Object(Illuminate\\View\\View), 500, Array)
#22 /home4/livekhv2/public_html/vendor/laravel/framework/src/Illuminate/Foundation/Exceptions/Handler.php(894): Illuminate\\Routing\\ResponseFactory->view('errors::500', Array, 500, Array)
#23 /home4/livekhv2/public_html/vendor/laravel/framework/src/Illuminate/Foundation/Exceptions/Handler.php(815): Illuminate\\Foundation\\Exceptions\\Handler->renderHttpException(Object(Symfony\\Component\\HttpKernel\\Exception\\HttpException))
#24 /home4/livekhv2/public_html/vendor/laravel/framework/src/Illuminate/Foundation/Exceptions/Handler.php(706): Illuminate\\Foundation\\Exceptions\\Handler->prepareResponse(Object(Illuminate\\Http\\Request), Object(Symfony\\Component\\HttpKernel\\Exception\\HttpException))
#25 /home4/livekhv2/public_html/vendor/laravel/framework/src/Illuminate/Foundation/Exceptions/Handler.php(594): Illuminate\\Foundation\\Exceptions\\Handler->renderExceptionResponse(Object(Illuminate\\Http\\Request), Object(Illuminate\\Encryption\\MissingAppKeyException))
#26 /home4/livekhv2/public_html/vendor/laravel/framework/src/Illuminate/Foundation/Bootstrap/HandleExceptions.php(225): Illuminate\\Foundation\\Exceptions\\Handler->render(Object(Illuminate\\Http\\Request), Object(Illuminate\\Encryption\\MissingAppKeyException))
#27 /home4/livekhv2/public_html/vendor/laravel/framework/src/Illuminate/Foundation/Bootstrap/HandleExceptions.php(202): Illuminate\\Foundation\\Bootstrap\\HandleExceptions->renderHttpResponse(Object(Illuminate\\Encryption\\MissingAppKeyException))
#28 /home4/livekhv2/public_html/vendor/laravel/framework/src/Illuminate/Foundation/Bootstrap/HandleExceptions.php(290): Illuminate\\Foundation\\Bootstrap\\HandleExceptions->handleException(Object(Illuminate\\Encryption\\MissingAppKeyException))
#29 [internal function]: Illuminate\\Foundation\\Bootstrap\\HandleExceptions->Illuminate\\Foundation\\Bootstrap\\{closure}(Object(Illuminate\\Encryption\\MissingAppKeyException))
#30 {main}

[previous exception] [object] (Illuminate\\View\\ViewException(code: 0): Attempt to read property \"favicon_driver\" on null (View: /home4/livekhv2/public_html/resources/views/layouts/error.blade.php) at /home4/livekhv2/public_html/storage/framework/views/9c0a7a1dc92d0624890d37a42eb7b6ae.php:9)
[stacktrace]
#0 /home4/livekhv2/public_html/vendor/livewire/livewire/src/Mechanisms/ExtendBlade/ExtendedCompilerEngine.php(58): Illuminate\\View\\Engines\\CompilerEngine->handleViewException(Object(ErrorException), 2)
#1 /home4/livekhv2/public_html/vendor/laravel/framework/src/Illuminate/View/Engines/PhpEngine.php(60): Livewire\\Mechanisms\\ExtendBlade\\ExtendedCompilerEngine->handleViewException(Object(ErrorException), 2)
#2 /home4/livekhv2/public_html/vendor/livewire/livewire/src/Mechanisms/ExtendBlade/ExtendedCompilerEngine.php(22): Illuminate\\View\\Engines\\PhpEngine->evaluatePath('/home4/livekhv2...', Array)
#3 /home4/livekhv2/public_html/vendor/laravel/framework/src/Illuminate/View/Engines/CompilerEngine.php(75): Livewire\\Mechanisms\\ExtendBlade\\ExtendedCompilerEngine->evaluatePath('/home4/livekhv2...', Array)
#4 /home4/livekhv2/public_html/vendor/livewire/livewire/src/Mechanisms/ExtendBlade/ExtendedCompilerEngine.php(10): Illuminate\\View\\Engines\\CompilerEngine->get('/home4/livekhv2...', Array)
#5 /home4/livekhv2/public_html/vendor/laravel/framework/src/Illuminate/View/View.php(209): Livewire\\Mechanisms\\ExtendBlade\\ExtendedCompilerEngine->get('/home4/livekhv2...', Array)
#6 /home4/livekhv2/public_html/vendor/laravel/framework/src/Illuminate/View/View.php(192): Illuminate\\View\\View->getContents()
#7 /home4/livekhv2/public_html/vendor/laravel/framework/src/Illuminate/View/View.php(161): Illuminate\\View\\View->renderContents()
#8 /home4/livekhv2/public_html/storage/framework/views/a3dd9474e30a9104345c46b13f6a01cb.php(6): Illuminate\\View\\View->render()
#9 /home4/livekhv2/public_html/vendor/laravel/framework/src/Illuminate/Filesystem/Filesystem.php(123): require('/home4/livekhv2...')
#10 /home4/livekhv2/public_html/vendor/laravel/framework/src/Illuminate/Filesystem/Filesystem.php(124): Illuminate\\Filesystem\\Filesystem::Illuminate\\Filesystem\\{closure}()
#11 /home4/livekhv2/public_html/vendor/laravel/framework/src/Illuminate/View/Engines/PhpEngine.php(58): Illuminate\\Filesystem\\Filesystem->getRequire('/home4/livekhv2...', Array)
#12 /home4/livekhv2/public_html/vendor/livewire/livewire/src/Mechanisms/ExtendBlade/ExtendedCompilerEngine.php(22): Illuminate\\View\\Engines\\PhpEngine->evaluatePath('/home4/livekhv2...', Array)
#13 /home4/livekhv2/public_html/vendor/laravel/framework/src/Illuminate/View/Engines/CompilerEngine.php(75): Livewire\\Mechanisms\\ExtendBlade\\ExtendedCompilerEngine->evaluatePath('/home4/livekhv2...', Array)
#14 /home4/livekhv2/public_html/vendor/livewire/livewire/src/Mechanisms/ExtendBlade/ExtendedCompilerEngine.php(10): Illuminate\\View\\Engines\\CompilerEngine->get('/home4/livekhv2...', Array)
#15 /home4/livekhv2/public_html/vendor/laravel/framework/src/Illuminate/View/View.php(209): Livewire\\Mechanisms\\ExtendBlade\\ExtendedCompilerEngine->get('/home4/livekhv2...', Array)
#16 /home4/livekhv2/public_html/vendor/laravel/framework/src/Illuminate/View/View.php(192): Illuminate\\View\\View->getContents()
#17 /home4/livekhv2/public_html/vendor/laravel/framework/src/Illuminate/View/View.php(161): Illuminate\\View\\View->renderContents()
#18 /home4/livekhv2/public_html/storage/framework/views/0bbfefac8d5665b8324be88778b4eaaa.php(1): Illuminate\\View\\View->render()
#19 /home4/livekhv2/public_html/vendor/laravel/framework/src/Illuminate/Filesystem/Filesystem.php(123): require('/home4/livekhv2...')
#20 /home4/livekhv2/public_html/vendor/laravel/framework/src/Illuminate/Filesystem/Filesystem.php(124): Illuminate\\Filesystem\\Filesystem::Illuminate\\Filesystem\\{closure}()
#21 /home4/livekhv2/public_html/vendor/laravel/framework/src/Illuminate/View/Engines/PhpEngine.php(58): Illuminate\\Filesystem\\Filesystem->getRequire('/home4/livekhv2...', Array)
#22 /home4/livekhv2/public_html/vendor/livewire/livewire/src/Mechanisms/ExtendBlade/ExtendedCompilerEngine.php(22): Illuminate\\View\\Engines\\PhpEngine->evaluatePath('/home4/livekhv2...', Array)
#23 /home4/livekhv2/public_html/vendor/laravel/framework/src/Illuminate/View/Engines/CompilerEngine.php(75): Livewire\\Mechanisms\\ExtendBlade\\ExtendedCompilerEngine->evaluatePath('/home4/livekhv2...', Array)
#24 /home4/livekhv2/public_html/vendor/livewire/livewire/src/Mechanisms/ExtendBlade/ExtendedCompilerEngine.php(10): Illuminate\\View\\Engines\\CompilerEngine->get('/home4/livekhv2...', Array)
#25 /home4/livekhv2/public_html/vendor/laravel/framework/src/Illuminate/View/View.php(209): Livewire\\Mechanisms\\ExtendBlade\\ExtendedCompilerEngine->get('/home4/livekhv2...', Array)
#26 /home4/livekhv2/public_html/vendor/laravel/framework/src/Illuminate/View/View.php(192): Illuminate\\View\\View->getContents()
#27 /home4/livekhv2/public_html/vendor/laravel/framework/src/Illuminate/View/View.php(161): Illuminate\\View\\View->renderContents()
#28 /home4/livekhv2/public_html/vendor/laravel/framework/src/Illuminate/Http/Response.php(79): Illuminate\\View\\View->render()
#29 /home4/livekhv2/public_html/vendor/laravel/framework/src/Illuminate/Http/Response.php(35): Illuminate\\Http\\Response->setContent(Object(Illuminate\\View\\View))
#30 /home4/livekhv2/public_html/vendor/laravel/framework/src/Illuminate/Routing/ResponseFactory.php(58): Illuminate\\Http\\Response->__construct(Object(Illuminate\\View\\View), 500, Array)
#31 /home4/livekhv2/public_html/vendor/laravel/framework/src/Illuminate/Routing/ResponseFactory.php(88): Illuminate\\Routing\\ResponseFactory->make(Object(Illuminate\\View\\View), 500, Array)
#32 /home4/livekhv2/public_html/vendor/laravel/framework/src/Illuminate/Foundation/Exceptions/Handler.php(894): Illuminate\\Routing\\ResponseFactory->view('errors::500', Array, 500, Array)
#33 /home4/livekhv2/public_html/vendor/laravel/framework/src/Illuminate/Foundation/Exceptions/Handler.php(815): Illuminate\\Foundation\\Exceptions\\Handler->renderHttpException(Object(Symfony\\Component\\HttpKernel\\Exception\\HttpException))
#34 /home4/livekhv2/public_html/vendor/laravel/framework/src/Illuminate/Foundation/Exceptions/Handler.php(706): Illuminate\\Foundation\\Exceptions\\Handler->prepareResponse(Object(Illuminate\\Http\\Request), Object(Symfony\\Component\\HttpKernel\\Exception\\HttpException))
#35 /home4/livekhv2/public_html/vendor/laravel/framework/src/Illuminate/Foundation/Exceptions/Handler.php(594): Illuminate\\Foundation\\Exceptions\\Handler->renderExceptionResponse(Object(Illuminate\\Http\\Request), Object(Illuminate\\Encryption\\MissingAppKeyException))
#36 /home4/livekhv2/public_html/vendor/laravel/framework/src/Illuminate/Foundation/Bootstrap/HandleExceptions.php(225): Illuminate\\Foundation\\Exceptions\\Handler->render(Object(Illuminate\\Http\\Request), Object(Illuminate\\Encryption\\MissingAppKeyException))
#37 /home4/livekhv2/public_html/vendor/laravel/framework/src/Illuminate/Foundation/Bootstrap/HandleExceptions.php(202): Illuminate\\Foundation\\Bootstrap\\HandleExceptions->renderHttpResponse(Object(Illuminate\\Encryption\\MissingAppKeyException))
#38 /home4/livekhv2/public_html/vendor/laravel/framework/src/Illuminate/Foundation/Bootstrap/HandleExceptions.php(290): Illuminate\\Foundation\\Bootstrap\\HandleExceptions->handleException(Object(Illuminate\\Encryption\\MissingAppKeyException))
#39 [internal function]: Illuminate\\Foundation\\Bootstrap\\HandleExceptions->Illuminate\\Foundation\\Bootstrap\\{closure}(Object(Illuminate\\Encryption\\MissingAppKeyException))
#40 {main}

[previous exception] [object] (ErrorException(code: 0): Attempt to read property \"favicon_driver\" on null at /home4/livekhv2/public_html/storage/framework/views/9c0a7a1dc92d0624890d37a42eb7b6ae.php:9)
[stacktrace]
#0 /home4/livekhv2/public_html/vendor/laravel/framework/src/Illuminate/Foundation/Bootstrap/HandleExceptions.php(290): Illuminate\\Foundation\\Bootstrap\\HandleExceptions->handleError(2, 'Attempt to read...', '/home4/livekhv2...', 9)
#1 /home4/livekhv2/public_html/storage/framework/views/9c0a7a1dc92d0624890d37a42eb7b6ae.php(9): Illuminate\\Foundation\\Bootstrap\\HandleExceptions->Illuminate\\Foundation\\Bootstrap\\{closure}(2, 'Attempt to read...', '/home4/livekhv2...', 9)
#2 /home4/livekhv2/public_html/vendor/laravel/framework/src/Illuminate/Filesystem/Filesystem.php(123): require('/home4/livekhv2...')
#3 /home4/livekhv2/public_html/vendor/laravel/framework/src/Illuminate/Filesystem/Filesystem.php(124): Illuminate\\Filesystem\\Filesystem::Illuminate\\Filesystem\\{closure}()
#4 /home4/livekhv2/public_html/vendor/laravel/framework/src/Illuminate/View/Engines/PhpEngine.php(58): Illuminate\\Filesystem\\Filesystem->getRequire('/home4/livekhv2...', Array)
#5 /home4/livekhv2/public_html/vendor/livewire/livewire/src/Mechanisms/ExtendBlade/ExtendedCompilerEngine.php(22): Illuminate\\View\\Engines\\PhpEngine->evaluatePath('/home4/livekhv2...', Array)
#6 /home4/livekhv2/public_html/vendor/laravel/framework/src/Illuminate/View/Engines/CompilerEngine.php(75): Livewire\\Mechanisms\\ExtendBlade\\ExtendedCompilerEngine->evaluatePath('/home4/livekhv2...', Array)
#7 /home4/livekhv2/public_html/vendor/livewire/livewire/src/Mechanisms/ExtendBlade/ExtendedCompilerEngine.php(10): Illuminate\\View\\Engines\\CompilerEngine->get('/home4/livekhv2...', Array)
#8 /home4/livekhv2/public_html/vendor/laravel/framework/src/Illuminate/View/View.php(209): Livewire\\Mechanisms\\ExtendBlade\\ExtendedCompilerEngine->get('/home4/livekhv2...', Array)
#9 /home4/livekhv2/public_html/vendor/laravel/framework/src/Illuminate/View/View.php(192): Illuminate\\View\\View->getContents()
#10 /home4/livekhv2/public_html/vendor/laravel/framework/src/Illuminate/View/View.php(161): Illuminate\\View\\View->renderContents()
#11 /home4/livekhv2/public_html/storage/framework/views/a3dd9474e30a9104345c46b13f6a01cb.php(6): Illuminate\\View\\View->render()
#12 /home4/livekhv2/public_html/vendor/laravel/framework/src/Illuminate/Filesystem/Filesystem.php(123): require('/home4/livekhv2...')
#13 /home4/livekhv2/public_html/vendor/laravel/framework/src/Illuminate/Filesystem/Filesystem.php(124): Illuminate\\Filesystem\\Filesystem::Illuminate\\Filesystem\\{closure}()
#14 /home4/livekhv2/public_html/vendor/laravel/framework/src/Illuminate/View/Engines/PhpEngine.php(58): Illuminate\\Filesystem\\Filesystem->getRequire('/home4/livekhv2...', Array)
#15 /home4/livekhv2/public_html/vendor/livewire/livewire/src/Mechanisms/ExtendBlade/ExtendedCompilerEngine.php(22): Illuminate\\View\\Engines\\PhpEngine->evaluatePath('/home4/livekhv2...', Array)
#16 /home4/livekhv2/public_html/vendor/laravel/framework/src/Illuminate/View/Engines/CompilerEngine.php(75): Livewire\\Mechanisms\\ExtendBlade\\ExtendedCompilerEngine->evaluatePath('/home4/livekhv2...', Array)
#17 /home4/livekhv2/public_html/vendor/livewire/livewire/src/Mechanisms/ExtendBlade/ExtendedCompilerEngine.php(10): Illuminate\\View\\Engines\\CompilerEngine->get('/home4/livekhv2...', Array)
#18 /home4/livekhv2/public_html/vendor/laravel/framework/src/Illuminate/View/View.php(209): Livewire\\Mechanisms\\ExtendBlade\\ExtendedCompilerEngine->get('/home4/livekhv2...', Array)
#19 /home4/livekhv2/public_html/vendor/laravel/framework/src/Illuminate/View/View.php(192): Illuminate\\View\\View->getContents()
#20 /home4/livekhv2/public_html/vendor/laravel/framework/src/Illuminate/View/View.php(161): Illuminate\\View\\View->renderContents()
#21 /home4/livekhv2/public_html/storage/framework/views/0bbfefac8d5665b8324be88778b4eaaa.php(1): Illuminate\\View\\View->render()
#22 /home4/livekhv2/public_html/vendor/laravel/framework/src/Illuminate/Filesystem/Filesystem.php(123): require('/home4/livekhv2...')
#23 /home4/livekhv2/public_html/vendor/laravel/framework/src/Illuminate/Filesystem/Filesystem.php(124): Illuminate\\Filesystem\\Filesystem::Illuminate\\Filesystem\\{closure}()
#24 /home4/livekhv2/public_html/vendor/laravel/framework/src/Illuminate/View/Engines/PhpEngine.php(58): Illuminate\\Filesystem\\Filesystem->getRequire('/home4/livekhv2...', Array)
#25 /home4/livekhv2/public_html/vendor/livewire/livewire/src/Mechanisms/ExtendBlade/ExtendedCompilerEngine.php(22): Illuminate\\View\\Engines\\PhpEngine->evaluatePath('/home4/livekhv2...', Array)
#26 /home4/livekhv2/public_html/vendor/laravel/framework/src/Illuminate/View/Engines/CompilerEngine.php(75): Livewire\\Mechanisms\\ExtendBlade\\ExtendedCompilerEngine->evaluatePath('/home4/livekhv2...', Array)
#27 /home4/livekhv2/public_html/vendor/livewire/livewire/src/Mechanisms/ExtendBlade/ExtendedCompilerEngine.php(10): Illuminate\\View\\Engines\\CompilerEngine->get('/home4/livekhv2...', Array)
#28 /home4/livekhv2/public_html/vendor/laravel/framework/src/Illuminate/View/View.php(209): Livewire\\Mechanisms\\ExtendBlade\\ExtendedCompilerEngine->get('/home4/livekhv2...', Array)
#29 /home4/livekhv2/public_html/vendor/laravel/framework/src/Illuminate/View/View.php(192): Illuminate\\View\\View->getContents()
#30 /home4/livekhv2/public_html/vendor/laravel/framework/src/Illuminate/View/View.php(161): Illuminate\\View\\View->renderContents()
#31 /home4/livekhv2/public_html/vendor/laravel/framework/src/Illuminate/Http/Response.php(79): Illuminate\\View\\View->render()
#32 /home4/livekhv2/public_html/vendor/laravel/framework/src/Illuminate/Http/Response.php(35): Illuminate\\Http\\Response->setContent(Object(Illuminate\\View\\View))
#33 /home4/livekhv2/public_html/vendor/laravel/framework/src/Illuminate/Routing/ResponseFactory.php(58): Illuminate\\Http\\Response->__construct(Object(Illuminate\\View\\View), 500, Array)
#34 /home4/livekhv2/public_html/vendor/laravel/framework/src/Illuminate/Routing/ResponseFactory.php(88): Illuminate\\Routing\\ResponseFactory->make(Object(Illuminate\\View\\View), 500, Array)
#35 /home4/livekhv2/public_html/vendor/laravel/framework/src/Illuminate/Foundation/Exceptions/Handler.php(894): Illuminate\\Routing\\ResponseFactory->view('errors::500', Array, 500, Array)
#36 /home4/livekhv2/public_html/vendor/laravel/framework/src/Illuminate/Foundation/Exceptions/Handler.php(815): Illuminate\\Foundation\\Exceptions\\Handler->renderHttpException(Object(Symfony\\Component\\HttpKernel\\Exception\\HttpException))
#37 /home4/livekhv2/public_html/vendor/laravel/framework/src/Illuminate/Foundation/Exceptions/Handler.php(706): Illuminate\\Foundation\\Exceptions\\Handler->prepareResponse(Object(Illuminate\\Http\\Request), Object(Symfony\\Component\\HttpKernel\\Exception\\HttpException))
#38 /home4/livekhv2/public_html/vendor/laravel/framework/src/Illuminate/Foundation/Exceptions/Handler.php(594): Illuminate\\Foundation\\Exceptions\\Handler->renderExceptionResponse(Object(Illuminate\\Http\\Request), Object(Illuminate\\Encryption\\MissingAppKeyException))
#39 /home4/livekhv2/public_html/vendor/laravel/framework/src/Illuminate/Foundation/Bootstrap/HandleExceptions.php(225): Illuminate\\Foundation\\Exceptions\\Handler->render(Object(Illuminate\\Http\\Request), Object(Illuminate\\Encryption\\MissingAppKeyException))
#40 /home4/livekhv2/public_html/vendor/laravel/framework/src/Illuminate/Foundation/Bootstrap/HandleExceptions.php(202): Illuminate\\Foundation\\Bootstrap\\HandleExceptions->renderHttpResponse(Object(Illuminate\\Encryption\\MissingAppKeyException))
#41 /home4/livekhv2/public_html/vendor/laravel/framework/src/Illuminate/Foundation/Bootstrap/HandleExceptions.php(290): Illuminate\\Foundation\\Bootstrap\\HandleExceptions->handleException(Object(Illuminate\\Encryption\\MissingAppKeyException))
#42 [internal function]: Illuminate\\Foundation\\Bootstrap\\HandleExceptions->Illuminate\\Foundation\\Bootstrap\\{closure}(Object(Illuminate\\Encryption\\MissingAppKeyException))
#43 {main}
"} 

